seed,task_a,task_b,pair,method,scale,density,eval_task,loss,accuracy,f1,primary_score,specialist_score,retained_ratio,score_delta
42,sst2,imdb,sst2+imdb,mean,1.0,,sst2,1.0653318166732788,0.7477064220183486,0.7684210526315789,0.7477064220183486,0.7752293577981652,0.9644970414201184,-0.0275229357798165
42,sst2,imdb,sst2+imdb,mean,1.0,,imdb,1.0556219816207886,0.749,0.7147727272727272,0.749,0.7725,0.96957928802589,-0.0234999999999999
42,sst2,imdb,sst2+imdb,task_arithmetic,0.75,,sst2,1.0131556987762451,0.7614678899082569,0.7819706498951782,0.7614678899082569,0.7752293577981652,0.9822485207100592,-0.0137614678899082
42,sst2,imdb,sst2+imdb,task_arithmetic,0.75,,imdb,0.9689599871635436,0.7725,0.7643707923355775,0.7725,0.7725,1.0,0.0
42,sst2,imdb,sst2+imdb,ties,1.0,0.2,sst2,1.0856764316558838,0.7305045871559633,0.7652347652347652,0.7305045871559633,0.7752293577981652,0.9423076923076924,-0.0447247706422018
42,sst2,imdb,sst2+imdb,ties,1.0,0.2,imdb,1.0371689796447754,0.7605,0.7537275064267352,0.7605,0.7725,0.9844660194174756,-0.012
42,sst2,mrpc,sst2+mrpc,mean,1.0,,sst2,1.2107014656066897,0.7075688073394495,0.7472745292368682,0.7075688073394495,0.7752293577981652,0.9127218934911242,-0.0676605504587156
42,sst2,mrpc,sst2+mrpc,mean,1.0,,mrpc,1.1485615968704224,0.7083333333333334,0.8226527570789866,0.8226527570789866,0.8349514563106796,0.9852701625480886,-0.012298699231693
42,sst2,mrpc,sst2+mrpc,task_arithmetic,0.75,,sst2,1.0961519479751587,0.7614678899082569,0.7444717444717445,0.7614678899082569,0.7752293577981652,0.9822485207100592,-0.0137614678899082
42,sst2,mrpc,sst2+mrpc,task_arithmetic,0.75,,mrpc,1.095549464225769,0.75,0.8375796178343949,0.8375796178343949,0.8349514563106796,1.003147681824915,0.0026281615237153
42,sst2,mrpc,sst2+mrpc,ties,1.0,0.2,sst2,1.1342830657958984,0.7431192660550459,0.7656903765690377,0.7431192660550459,0.7752293577981652,0.9585798816568049,-0.0321100917431192
42,sst2,mrpc,sst2+mrpc,ties,1.0,0.2,mrpc,1.1349378824234009,0.7279411764705882,0.8315629742033384,0.8315629742033384,0.8349514563106796,0.9959417016621378,-0.0033884821073412
42,sst2,rte,sst2+rte,mean,1.0,,sst2,1.2927923202514648,0.5848623853211009,0.7085346215780999,0.5848623853211009,0.7752293577981652,0.7544378698224852,-0.1903669724770642
42,sst2,rte,sst2+rte,mean,1.0,,rte,1.3445754051208496,0.6209386281588448,0.5679012345679012,0.6209386281588448,0.6064981949458483,1.023809523809524,0.0144404332129964
42,sst2,rte,sst2+rte,task_arithmetic,0.75,,sst2,1.2442917823791504,0.6330275229357798,0.7292724196277496,0.6330275229357798,0.7752293577981652,0.8165680473372781,-0.1422018348623853
42,sst2,rte,sst2+rte,task_arithmetic,0.75,,rte,1.3500620126724243,0.5956678700361011,0.5590551181102362,0.5956678700361011,0.6064981949458483,0.9821428571428572,-0.0108303249097472
42,sst2,rte,sst2+rte,ties,1.0,0.2,sst2,1.2481778860092163,0.6307339449541285,0.7280405405405406,0.6307339449541285,0.7752293577981652,0.8136094674556213,-0.1444954128440366
42,sst2,rte,sst2+rte,ties,1.0,0.2,rte,1.3530064821243286,0.5812274368231047,0.536,0.5812274368231047,0.6064981949458483,0.9583333333333336,-0.0252707581227435
42,imdb,mrpc,imdb+mrpc,mean,1.0,,imdb,1.2113739252090454,0.7205,0.6781807714450202,0.7205,0.7725,0.932686084142395,-0.0519999999999999
42,imdb,mrpc,imdb+mrpc,mean,1.0,,mrpc,1.1531813144683838,0.7009803921568627,0.8195266272189349,0.8195266272189349,0.8349514563106796,0.9815260767854684,-0.0154248290917446
42,imdb,mrpc,imdb+mrpc,task_arithmetic,0.75,,imdb,1.1656237840652466,0.693,0.5868102288021534,0.693,0.7725,0.8970873786407767,-0.0795
42,imdb,mrpc,imdb+mrpc,task_arithmetic,0.75,,mrpc,1.1050945520401,0.7279411764705882,0.8284389489953632,0.8284389489953632,0.8349514563106796,0.99220013658747,-0.0065125073153163
42,imdb,mrpc,imdb+mrpc,ties,1.0,0.2,imdb,1.123571515083313,0.749,0.7357894736842105,0.749,0.7725,0.96957928802589,-0.0234999999999999
42,imdb,mrpc,imdb+mrpc,ties,1.0,0.2,mrpc,1.1380492448806765,0.7083333333333334,0.8221225710014948,0.8221225710014948,0.8349514563106796,0.9846351722459764,-0.0128288853091848
42,imdb,rte,imdb+rte,mean,1.0,,imdb,1.2444524765014648,0.65,0.7309761721752498,0.65,0.7725,0.8414239482200648,-0.1224999999999999
42,imdb,rte,imdb+rte,mean,1.0,,rte,1.3762098550796509,0.555956678700361,0.616822429906542,0.555956678700361,0.6064981949458483,0.9166666666666669,-0.0505415162454873
42,imdb,rte,imdb+rte,task_arithmetic,0.75,,imdb,1.176779866218567,0.6875,0.7520825069416898,0.6875,0.7725,0.8899676375404532,-0.0849999999999999
42,imdb,rte,imdb+rte,task_arithmetic,0.75,,rte,1.419699788093567,0.5126353790613718,0.6131805157593123,0.5126353790613718,0.6064981949458483,0.8452380952380952,-0.0938628158844765
42,imdb,rte,imdb+rte,ties,1.0,0.2,imdb,1.2325774431228638,0.6355,0.726454033771107,0.6355,0.7725,0.8226537216828479,-0.137
42,imdb,rte,imdb+rte,ties,1.0,0.2,rte,1.4101030826568604,0.51985559566787,0.623229461756374,0.51985559566787,0.6064981949458483,0.8571428571428571,-0.0866425992779783
42,mrpc,rte,mrpc+rte,mean,1.0,,mrpc,1.1972285509109497,0.7254901960784313,0.8282208588957055,0.8282208588957055,0.8349514563106796,0.991938935654159,-0.006730597414974
42,mrpc,rte,mrpc+rte,mean,1.0,,rte,1.3621000051498413,0.5342960288808665,0.5656565656565656,0.5342960288808665,0.6064981949458483,0.880952380952381,-0.0722021660649818
42,mrpc,rte,mrpc+rte,task_arithmetic,0.75,,mrpc,1.136267900466919,0.7156862745098039,0.8129032258064516,0.8129032258064516,0.8349514563106796,0.9735933983495874,-0.0220482305042279
42,mrpc,rte,mrpc+rte,task_arithmetic,0.75,,rte,1.3790369033813477,0.5415162454873647,0.5243445692883895,0.5415162454873647,0.6064981949458483,0.892857142857143,-0.0649819494584836
42,mrpc,rte,mrpc+rte,ties,1.0,0.2,mrpc,1.1473714113235474,0.7401960784313726,0.8348909657320872,0.8348909657320872,0.8349514563106796,0.9999275519814532,-6.049057859236484e-05
42,mrpc,rte,mrpc+rte,ties,1.0,0.2,rte,1.3775293827056885,0.5523465703971119,0.5694444444444444,0.5523465703971119,0.6064981949458483,0.9107142857142856,-0.0541516245487364
7,sst2,imdb,sst2+imdb,mean,1.0,,sst2,1.0263177156448364,0.7511467889908257,0.7703703703703704,0.7511467889908257,0.768348623853211,0.9776119402985074,-0.017201834862385357
7,sst2,imdb,sst2+imdb,mean,1.0,,imdb,0.9852928519248962,0.766,0.75,0.766,0.787,0.9733163913595934,-0.02100000000000002
7,sst2,imdb,sst2+imdb,task_arithmetic,0.75,,sst2,1.1450910568237305,0.7305045871559633,0.7725072604065828,0.7305045871559633,0.768348623853211,0.9507462686567164,-0.037844036697247674
7,sst2,imdb,sst2+imdb,task_arithmetic,0.75,,imdb,1.0490678548812866,0.761,0.7815356489945156,0.761,0.787,0.9669631512071156,-0.026000000000000023
7,sst2,imdb,sst2+imdb,ties,1.0,0.2,sst2,1.0289819240570068,0.7580275229357798,0.7781282860147214,0.7580275229357798,0.768348623853211,0.9865671641791044,-0.010321100917431214
7,sst2,imdb,sst2+imdb,ties,1.0,0.2,imdb,0.9979616403579712,0.7645,0.7570912841670965,0.7645,0.787,0.97141041931385,-0.022500000000000075
7,sst2,mrpc,sst2+mrpc,mean,1.0,,sst2,1.1922321319580078,0.7041284403669725,0.6239067055393586,0.7041284403669725,0.768348623853211,0.9164179104477612,-0.06422018348623848
7,sst2,mrpc,sst2+mrpc,mean,1.0,,mrpc,1.1379224061965942,0.7132352941176471,0.8245877061469266,0.8245877061469266,0.8414442700156985,0.9799671059992393,-0.01685656386877199
7,sst2,mrpc,sst2+mrpc,task_arithmetic,0.75,,sst2,1.0495271682739258,0.75,0.7197943444730077,0.75,0.768348623853211,0.9761194029850746,-0.01834862385321101
7,sst2,mrpc,sst2+mrpc,task_arithmetic,0.75,,mrpc,1.0921754837036133,0.7377450980392157,0.8293460925039873,0.8293460925039873,0.8414442700156985,0.9856221285914923,-0.012098177511711272
7,sst2,mrpc,sst2+mrpc,ties,1.0,0.2,sst2,1.0711628198623657,0.7465596330275229,0.7184713375796178,0.7465596330275229,0.768348623853211,0.9716417910447761,-0.02178899082568808
7,sst2,mrpc,sst2+mrpc,ties,1.0,0.2,mrpc,1.1316957473754883,0.7205882352941176,0.8277945619335347,0.8277945619335347,0.8414442700156985,0.9837782387157866,-0.013649708082163814
7,sst2,rte,sst2+rte,mean,1.0,,sst2,1.183552861213684,0.6903669724770642,0.7368421052631579,0.6903669724770642,0.768348623853211,0.8985074626865672,-0.07798165137614677
7,sst2,rte,sst2+rte,mean,1.0,,rte,1.3605281114578247,0.5379061371841155,0.5460992907801419,0.5379061371841155,0.5956678700361011,0.903030303030303,-0.0577617328519856
7,sst2,rte,sst2+rte,task_arithmetic,0.75,,sst2,1.204538345336914,0.6605504587155964,0.7366548042704626,0.6605504587155964,0.768348623853211,0.8597014925373134,-0.10779816513761464
7,sst2,rte,sst2+rte,task_arithmetic,0.75,,rte,1.3967238664627075,0.5487364620938628,0.5519713261648745,0.5487364620938628,0.5956678700361011,0.9212121212121213,-0.04693140794223827
7,sst2,rte,sst2+rte,ties,1.0,0.2,sst2,1.1453675031661987,0.6811926605504587,0.7406716417910447,0.6811926605504587,0.768348623853211,0.8865671641791044,-0.08715596330275233
7,sst2,rte,sst2+rte,ties,1.0,0.2,rte,1.3753490447998047,0.5234657039711191,0.5448275862068965,0.5234657039711191,0.5956678700361011,0.8787878787878788,-0.07220216606498198
7,imdb,mrpc,imdb+mrpc,mean,1.0,,imdb,1.1633135080337524,0.735,0.6863905325443787,0.735,0.787,0.9339263024142312,-0.052000000000000046
7,imdb,mrpc,imdb+mrpc,mean,1.0,,mrpc,1.1791541576385498,0.7058823529411765,0.8230088495575221,0.8230088495575221,0.8414442700156985,0.9780907409853388,-0.018435420458176477
7,imdb,mrpc,imdb+mrpc,task_arithmetic,0.75,,imdb,1.033596158027649,0.7785,0.7622114868491681,0.7785,0.787,0.9891994917407877,-0.008500000000000063
7,imdb,mrpc,imdb+mrpc,task_arithmetic,0.75,,mrpc,1.1470516920089722,0.7107843137254902,0.822289156626506,0.822289156626506,0.8414442700156985,0.9772354342744112,-0.019155113389192513
7,imdb,mrpc,imdb+mrpc,ties,1.0,0.2,imdb,1.0817402601242065,0.7705,0.7493173129437466,0.7705,0.787,0.9790343074968233,-0.01650000000000007
7,imdb,mrpc,imdb+mrpc,ties,1.0,0.2,mrpc,1.1646950244903564,0.7034313725490197,0.8207407407407408,0.8207407407407408,0.8414442700156985,0.975395245992261,-0.020703529274957777
7,imdb,rte,imdb+rte,mean,1.0,,imdb,1.1796451807022095,0.711,0.7412712623097583,0.711,0.787,0.9034307496823379,-0.07600000000000007
7,imdb,rte,imdb+rte,mean,1.0,,rte,1.4015780687332153,0.5126353790613718,0.6218487394957983,0.5126353790613718,0.5956678700361011,0.8606060606060605,-0.08303249097472931
7,imdb,rte,imdb+rte,task_arithmetic,0.75,,imdb,1.1113139390945435,0.711,0.7536231884057971,0.711,0.787,0.9034307496823379,-0.07600000000000007
7,imdb,rte,imdb+rte,task_arithmetic,0.75,,rte,1.478349208831787,0.5126353790613718,0.6131805157593123,0.5126353790613718,0.5956678700361011,0.8606060606060605,-0.08303249097472931
7,imdb,rte,imdb+rte,ties,1.0,0.2,imdb,1.1270778179168701,0.7225,0.7621088726960994,0.7225,0.787,0.9180432020330368,-0.0645
7,imdb,rte,imdb+rte,ties,1.0,0.2,rte,1.4424453973770142,0.516245487364621,0.6338797814207651,0.516245487364621,0.5956678700361011,0.8666666666666667,-0.07942238267148016
7,mrpc,rte,mrpc+rte,mean,1.0,,mrpc,1.1893620491027832,0.7034313725490197,0.8217967599410898,0.8217967599410898,0.8414442700156985,0.9766502538852131,-0.019647510074608743
7,mrpc,rte,mrpc+rte,mean,1.0,,rte,1.4274592399597168,0.516245487364621,0.6358695652173914,0.516245487364621,0.5956678700361011,0.8666666666666667,-0.07942238267148016
7,mrpc,rte,mrpc+rte,task_arithmetic,0.75,,mrpc,1.1602634191513062,0.7156862745098039,0.824773413897281,0.824773413897281,0.8414442700156985,0.9801878071876269,-0.016670856118417565
7,mrpc,rte,mrpc+rte,task_arithmetic,0.75,,rte,1.4322805404663086,0.5126353790613718,0.5871559633027523,0.5126353790613718,0.5956678700361011,0.8606060606060605,-0.08303249097472931
7,mrpc,rte,mrpc+rte,ties,1.0,0.2,mrpc,1.1926031112670898,0.7034313725490197,0.8207407407407408,0.8207407407407408,0.8414442700156985,0.975395245992261,-0.020703529274957777
7,mrpc,rte,mrpc+rte,ties,1.0,0.2,rte,1.4237709045410156,0.5234657039711191,0.6228571428571429,0.5234657039711191,0.5956678700361011,0.8787878787878788,-0.07220216606498198
123,sst2,imdb,sst2+imdb,mean,1.0,,sst2,1.0143896341323853,0.7603211009174312,0.7759914255091104,0.7603211009174312,0.7660550458715596,0.9925149700598803,-0.005733944954128378
123,sst2,imdb,sst2+imdb,mean,1.0,,imdb,1.0083239078521729,0.7575,0.7418839808408728,0.7575,0.7795,0.9717767799871713,-0.02200000000000002
123,sst2,imdb,sst2+imdb,task_arithmetic,0.75,,sst2,1.0049128532409668,0.7740825688073395,0.7910922587486744,0.7740825688073395,0.7660550458715596,1.0104790419161678,0.008027522935779907
123,sst2,imdb,sst2+imdb,task_arithmetic,0.75,,imdb,0.9738029837608337,0.769,0.7606217616580311,0.769,0.7795,0.986529826812059,-0.010499999999999954
123,sst2,imdb,sst2+imdb,ties,1.0,0.2,sst2,1.0126231908798218,0.7649082568807339,0.7798066595059077,0.7649082568807339,0.7660550458715596,0.9985029940119761,-0.0011467889908256534
123,sst2,imdb,sst2+imdb,ties,1.0,0.2,imdb,1.0055571794509888,0.7555,0.734959349593496,0.7555,0.7795,0.9692110327132777,-0.02400000000000002
123,sst2,mrpc,sst2+mrpc,mean,1.0,,sst2,1.1968910694122314,0.6594036697247706,0.7272727272727273,0.6594036697247706,0.7660550458715596,0.8607784431137725,-0.10665137614678899
123,sst2,mrpc,sst2+mrpc,mean,1.0,,mrpc,1.1426727771759033,0.7107843137254902,0.8244047619047619,0.8244047619047619,0.832520325203252,0.9902518136160714,-0.00811556329849017
123,sst2,mrpc,sst2+mrpc,task_arithmetic,0.75,,sst2,1.1734215021133423,0.6720183486238532,0.7414104882459313,0.6720183486238532,0.7660550458715596,0.877245508982036,-0.09403669724770636
123,sst2,mrpc,sst2+mrpc,task_arithmetic,0.75,,mrpc,1.106719970703125,0.7450980392156863,0.8338658146964856,0.8338658146964856,0.832520325203252,1.0016161641373802,0.0013454894932335426
123,sst2,mrpc,sst2+mrpc,ties,1.0,0.2,sst2,1.1069626808166504,0.7213302752293578,0.7567567567567568,0.7213302752293578,0.7660550458715596,0.9416167664670659,-0.044724770642201817
123,sst2,mrpc,sst2+mrpc,ties,1.0,0.2,mrpc,1.132517695426941,0.7254901960784313,0.8271604938271605,0.8271604938271605,0.832520325203252,0.9935619212962963,-0.005359831376091528
123,sst2,rte,sst2+rte,mean,1.0,,sst2,1.245449185371399,0.6330275229357798,0.7246127366609294,0.6330275229357798,0.7660550458715596,0.8263473053892215,-0.1330275229357798
123,sst2,rte,sst2+rte,mean,1.0,,rte,1.3616143465042114,0.5595667870036101,0.4351851851851852,0.5595667870036101,0.6064981949458483,0.9226190476190476,-0.04693140794223827
123,sst2,rte,sst2+rte,task_arithmetic,0.75,,sst2,1.323171615600586,0.625,0.72544080604534,0.625,0.7660550458715596,0.815868263473054,-0.1410550458715596
123,sst2,rte,sst2+rte,task_arithmetic,0.75,,rte,1.3826897144317627,0.555956678700361,0.5527272727272727,0.555956678700361,0.6064981949458483,0.9166666666666667,-0.050541516245487306
123,sst2,rte,sst2+rte,ties,1.0,0.2,sst2,1.1547926664352417,0.6857798165137615,0.7467652495378928,0.6857798165137615,0.7660550458715596,0.8952095808383235,-0.08027522935779807
123,sst2,rte,sst2+rte,ties,1.0,0.2,rte,1.386030673980713,0.5379061371841155,0.42342342342342343,0.5379061371841155,0.6064981949458483,0.886904761904762,-0.06859205776173283
123,imdb,mrpc,imdb+mrpc,mean,1.0,,imdb,1.22616708278656,0.6605,0.7271996785857774,0.6605,0.7795,0.8473380372033354,-0.119
123,imdb,mrpc,imdb+mrpc,mean,1.0,,mrpc,1.16973078250885,0.7034313725490197,0.8212703101920237,0.8212703101920237,0.832520325203252,0.9864867983751847,-0.011250015011228354
123,imdb,mrpc,imdb+mrpc,task_arithmetic,0.75,,imdb,1.2748911380767822,0.628,0.7171102661596959,0.628,0.7795,0.8056446440025657,-0.15149999999999997
123,imdb,mrpc,imdb+mrpc,task_arithmetic,0.75,,mrpc,1.1495797634124756,0.7058823529411765,0.8181818181818182,0.8181818181818182,0.832520325203252,0.9827769886363636,-0.0143385070214338
123,imdb,mrpc,imdb+mrpc,ties,1.0,0.2,imdb,1.129780888557434,0.718,0.7573149741824441,0.718,0.7795,0.9211032713277743,-0.0615
123,imdb,mrpc,imdb+mrpc,ties,1.0,0.2,mrpc,1.1603262424468994,0.7083333333333334,0.8215892053973014,0.8215892053973014,0.832520325203252,0.9868698463268366,-0.010931119805950629
123,imdb,rte,imdb+rte,mean,1.0,,imdb,1.212746024131775,0.68,0.7353184449958643,0.68,0.7795,0.8723540731237974,-0.09949999999999992
123,imdb,rte,imdb+rte,mean,1.0,,rte,1.3749480247497559,0.5631768953068592,0.5399239543726235,0.5631768953068592,0.6064981949458483,0.9285714285714286,-0.04332129963898912
123,imdb,rte,imdb+rte,task_arithmetic,0.75,,imdb,1.214582085609436,0.6545,0.7297614391865468,0.6545,0.7795,0.8396407953816549,-0.125
123,imdb,rte,imdb+rte,task_arithmetic,0.75,,rte,1.455521583557129,0.5234657039711191,0.6,0.5234657039711191,0.6064981949458483,0.8630952380952381,-0.0830324909747292
123,imdb,rte,imdb+rte,ties,1.0,0.2,imdb,1.094992995262146,0.74,0.765976597659766,0.74,0.7795,0.949326491340603,-0.03949999999999998
123,imdb,rte,imdb+rte,ties,1.0,0.2,rte,1.4073489904403687,0.5090252707581228,0.5244755244755245,0.5090252707581228,0.6064981949458483,0.8392857142857144,-0.09747292418772557
123,mrpc,rte,mrpc+rte,mean,1.0,,mrpc,1.189371943473816,0.6985294117647058,0.8193832599118943,0.8193832599118943,0.832520325203252,0.9842201266519824,-0.013137065291357719
123,mrpc,rte,mrpc+rte,mean,1.0,,rte,1.4219318628311157,0.51985559566787,0.6053412462908012,0.51985559566787,0.6064981949458483,0.8571428571428571,-0.08664259927797835
123,mrpc,rte,mrpc+rte,task_arithmetic,0.75,,mrpc,1.1501139402389526,0.7156862745098039,0.8273809523809523,0.8273809523809523,0.832520325203252,0.9938267299107142,-0.005139372822299704
123,mrpc,rte,mrpc+rte,task_arithmetic,0.75,,rte,1.471748948097229,0.4981949458483754,0.5947521865889213,0.4981949458483754,0.6064981949458483,0.8214285714285714,-0.10830324909747291
123,mrpc,rte,mrpc+rte,ties,1.0,0.2,mrpc,1.149639368057251,0.7205882352941176,0.8298507462686567,0.8298507462686567,0.832520325203252,0.9967933768656717,-0.002669578934595296
123,mrpc,rte,mrpc+rte,ties,1.0,0.2,rte,1.4372179508209229,0.5054151624548736,0.5594855305466238,0.5054151624548736,0.6064981949458483,0.8333333333333334,-0.10108303249097472
