seed,subset_seed,pair,task,method,score,specialist_score,retained
7,2026,sst2+imdb,sst2,mean,0.7557339449541285,0.7752293577981652,0.9748520710059172
7,2026,sst2+imdb,imdb,mean,0.774,0.789,0.9809885931558935
7,2026,sst2+imdb,sst2,task_arithmetic,0.7385321100917431,0.7752293577981652,0.9526627218934911
7,2026,sst2+imdb,imdb,task_arithmetic,0.7685,0.789,0.9740177439797211
7,2026,sst2+imdb,sst2,tensorwise_ties,0.768348623853211,0.7752293577981652,0.9911242603550295
7,2026,sst2+imdb,imdb,tensorwise_ties,0.775,0.789,0.982256020278834
7,2026,sst2+imdb,sst2,global_ties,0.7511467889908257,0.7752293577981652,0.9689349112426034
7,2026,sst2+imdb,imdb,global_ties,0.7845,0.789,0.994296577946768
7,2026,sst2+mrpc,sst2,mean,0.7018348623853211,0.7752293577981652,0.9053254437869822
7,2026,sst2+mrpc,mrpc,mean,0.8245877061469266,0.8414442700156985,0.9799671059992393
7,2026,sst2+mrpc,sst2,task_arithmetic,0.7385321100917431,0.7752293577981652,0.9526627218934911
7,2026,sst2+mrpc,mrpc,task_arithmetic,0.8144329896907216,0.8414442700156985,0.9678989075242346
7,2026,sst2+mrpc,sst2,tensorwise_ties,0.7396788990825688,0.7752293577981652,0.9541420118343195
7,2026,sst2+mrpc,mrpc,tensorwise_ties,0.8318042813455657,0.8414442700156985,0.9885435209274728
7,2026,sst2+mrpc,sst2,global_ties,0.7568807339449541,0.7752293577981652,0.9763313609467456
7,2026,sst2+mrpc,mrpc,global_ties,0.8160535117056856,0.8414442700156985,0.9698247890979884
7,2026,sst2+rte,sst2,mean,0.6857798165137615,0.7752293577981652,0.8846153846153847
7,2026,sst2+rte,rte,mean,0.5523465703971119,0.5956678700361011,0.9272727272727271
7,2026,sst2+rte,sst2,task_arithmetic,0.6731651376146789,0.7752293577981652,0.8683431952662721
7,2026,sst2+rte,rte,task_arithmetic,0.5451263537906137,0.5956678700361011,0.915151515151515
7,2026,sst2+rte,sst2,tensorwise_ties,0.7052752293577982,0.7752293577981652,0.9097633136094675
7,2026,sst2+rte,rte,tensorwise_ties,0.5342960288808665,0.5956678700361011,0.896969696969697
7,2026,sst2+rte,sst2,global_ties,0.7098623853211009,0.7752293577981652,0.915680473372781
7,2026,sst2+rte,rte,global_ties,0.516245487364621,0.5956678700361011,0.8666666666666667
7,2026,imdb+mrpc,imdb,mean,0.7235,0.789,0.9169835234474017
7,2026,imdb+mrpc,mrpc,mean,0.8230088495575221,0.8414442700156985,0.9780907409853388
7,2026,imdb+mrpc,imdb,task_arithmetic,0.772,0.789,0.9784537389100126
7,2026,imdb+mrpc,mrpc,task_arithmetic,0.824773413897281,0.8414442700156985,0.9801878071876269
7,2026,imdb+mrpc,imdb,tensorwise_ties,0.7595,0.789,0.9626108998732572
7,2026,imdb+mrpc,mrpc,tensorwise_ties,0.8237037037037037,0.8414442700156985,0.9789165284687673
7,2026,imdb+mrpc,imdb,global_ties,0.775,0.789,0.982256020278834
7,2026,imdb+mrpc,mrpc,global_ties,0.8215892053973014,0.8414442700156985,0.9764035892501511
7,2026,imdb+rte,imdb,mean,0.723,0.789,0.9163498098859315
7,2026,imdb+rte,rte,mean,0.5090252707581228,0.5956678700361011,0.8545454545454545
7,2026,imdb+rte,imdb,task_arithmetic,0.7145,0.789,0.9055766793409379
7,2026,imdb+rte,rte,task_arithmetic,0.5054151624548736,0.5956678700361011,0.8484848484848484
7,2026,imdb+rte,imdb,tensorwise_ties,0.7345,0.789,0.9309252217997466
7,2026,imdb+rte,rte,tensorwise_ties,0.5054151624548736,0.5956678700361011,0.8484848484848484
7,2026,imdb+rte,imdb,global_ties,0.74,0.789,0.9378960709759189
7,2026,imdb+rte,rte,global_ties,0.5018050541516246,0.5956678700361011,0.8424242424242424
7,2026,mrpc+rte,mrpc,mean,0.8217967599410898,0.8414442700156985,0.9766502538852131
7,2026,mrpc+rte,rte,mean,0.516245487364621,0.5956678700361011,0.8666666666666667
7,2026,mrpc+rte,mrpc,task_arithmetic,0.824773413897281,0.8414442700156985,0.9801878071876269
7,2026,mrpc+rte,rte,task_arithmetic,0.5126353790613718,0.5956678700361011,0.8606060606060605
7,2026,mrpc+rte,mrpc,tensorwise_ties,0.8207407407407408,0.8414442700156985,0.975395245992261
7,2026,mrpc+rte,rte,tensorwise_ties,0.5234657039711191,0.5956678700361011,0.8787878787878788
7,2026,mrpc+rte,mrpc,global_ties,0.8235294117647058,0.8414442700156985,0.9787093942054433
7,2026,mrpc+rte,rte,global_ties,0.51985559566787,0.5956678700361011,0.8727272727272726
42,2026,sst2+imdb,sst2,mean,0.7568807339449541,0.7649082568807339,0.9895052473763118
42,2026,sst2+imdb,imdb,mean,0.745,0.784,0.9502551020408163
42,2026,sst2+imdb,sst2,task_arithmetic,0.7580275229357798,0.7649082568807339,0.9910044977511244
42,2026,sst2+imdb,imdb,task_arithmetic,0.7805,0.784,0.9955357142857142
42,2026,sst2+imdb,sst2,tensorwise_ties,0.731651376146789,0.7649082568807339,0.9565217391304348
42,2026,sst2+imdb,imdb,tensorwise_ties,0.769,0.784,0.9808673469387755
42,2026,sst2+imdb,sst2,global_ties,0.7637614678899083,0.7649082568807339,0.9985007496251874
42,2026,sst2+imdb,imdb,global_ties,0.761,0.784,0.9706632653061225
42,2026,sst2+mrpc,sst2,mean,0.7075688073394495,0.7649082568807339,0.9250374812593702
42,2026,sst2+mrpc,mrpc,mean,0.8251121076233184,0.8349514563106796,0.9882156637814163
42,2026,sst2+mrpc,sst2,task_arithmetic,0.7591743119266054,0.7649082568807339,0.992503748125937
42,2026,sst2+mrpc,mrpc,task_arithmetic,0.8341543513957307,0.8349514563106796,0.9990453278344217
42,2026,sst2+mrpc,sst2,tensorwise_ties,0.7419724770642202,0.7649082568807339,0.9700149925037481
42,2026,sst2+mrpc,mrpc,tensorwise_ties,0.833587786259542,0.8349514563106796,0.9983667672643353
42,2026,sst2+mrpc,sst2,global_ties,0.7522935779816514,0.7649082568807339,0.9835082458770615
42,2026,sst2+mrpc,mrpc,global_ties,0.8412698412698413,0.8349514563106796,1.0075673680324844
42,2026,sst2+rte,sst2,mean,0.5951834862385321,0.7649082568807339,0.7781109445277361
42,2026,sst2+rte,rte,mean,0.5956678700361011,0.6064981949458483,0.9821428571428572
42,2026,sst2+rte,sst2,task_arithmetic,0.6502293577981652,0.7649082568807339,0.8500749625187407
42,2026,sst2+rte,rte,task_arithmetic,0.5776173285198556,0.6064981949458483,0.9523809523809524
42,2026,sst2+rte,sst2,tensorwise_ties,0.6353211009174312,0.7649082568807339,0.830584707646177
42,2026,sst2+rte,rte,tensorwise_ties,0.5631768953068592,0.6064981949458483,0.9285714285714286
42,2026,sst2+rte,sst2,global_ties,0.7006880733944955,0.7649082568807339,0.9160419790104948
42,2026,sst2+rte,rte,global_ties,0.49097472924187724,0.6064981949458483,0.8095238095238095
42,2026,imdb+mrpc,imdb,mean,0.709,0.784,0.9043367346938774
42,2026,imdb+mrpc,mrpc,mean,0.8183161004431314,0.8349514563106796,0.9800762598330528
42,2026,imdb+mrpc,imdb,task_arithmetic,0.6925,0.784,0.8832908163265306
42,2026,imdb+mrpc,mrpc,task_arithmetic,0.8254931714719271,0.8349514563106796,0.98867205420475
42,2026,imdb+mrpc,imdb,tensorwise_ties,0.751,0.784,0.957908163265306
42,2026,imdb+mrpc,mrpc,tensorwise_ties,0.8208955223880597,0.8349514563106796,0.9831655675112809
42,2026,imdb+mrpc,imdb,global_ties,0.7405,0.784,0.944515306122449
42,2026,imdb+mrpc,mrpc,global_ties,0.8180451127819549,0.8349514563106796,0.9797517048435042
42,2026,imdb+rte,imdb,mean,0.6325,0.784,0.8067602040816325
42,2026,imdb+rte,rte,mean,0.5848375451263538,0.6064981949458483,0.9642857142857143
42,2026,imdb+rte,imdb,task_arithmetic,0.6455,0.784,0.8233418367346937
42,2026,imdb+rte,rte,task_arithmetic,0.5379061371841155,0.6064981949458483,0.886904761904762
42,2026,imdb+rte,imdb,tensorwise_ties,0.597,0.784,0.7614795918367346
42,2026,imdb+rte,rte,tensorwise_ties,0.5379061371841155,0.6064981949458483,0.886904761904762
42,2026,imdb+rte,imdb,global_ties,0.673,0.784,0.8584183673469388
42,2026,imdb+rte,rte,global_ties,0.5126353790613718,0.6064981949458483,0.8452380952380952
42,2026,mrpc+rte,mrpc,mean,0.8282208588957055,0.8349514563106796,0.991938935654159
42,2026,mrpc+rte,rte,mean,0.5342960288808665,0.6064981949458483,0.880952380952381
42,2026,mrpc+rte,mrpc,task_arithmetic,0.8129032258064516,0.8349514563106796,0.9735933983495874
42,2026,mrpc+rte,rte,task_arithmetic,0.5415162454873647,0.6064981949458483,0.892857142857143
42,2026,mrpc+rte,mrpc,tensorwise_ties,0.8348909657320872,0.8349514563106796,0.9999275519814533
42,2026,mrpc+rte,rte,tensorwise_ties,0.5523465703971119,0.6064981949458483,0.9107142857142857
42,2026,mrpc+rte,mrpc,global_ties,0.8189233278955954,0.8349514563106796,0.9808035206191433
42,2026,mrpc+rte,rte,global_ties,0.5234657039711191,0.6064981949458483,0.8630952380952381
123,2026,sst2+imdb,sst2,mean,0.7614678899082569,0.7637614678899083,0.996996996996997
123,2026,sst2+imdb,imdb,mean,0.7795,0.7915,0.9848389134554643
123,2026,sst2+imdb,sst2,task_arithmetic,0.7649082568807339,0.7637614678899083,1.0015015015015014
123,2026,sst2+imdb,imdb,task_arithmetic,0.7945,0.7915,1.003790271636134
123,2026,sst2+imdb,sst2,tensorwise_ties,0.7672018348623854,0.7637614678899083,1.0045045045045045
123,2026,sst2+imdb,imdb,tensorwise_ties,0.78,0.7915,0.98547062539482
123,2026,sst2+imdb,sst2,global_ties,0.7672018348623854,0.7637614678899083,1.0045045045045045
123,2026,sst2+imdb,imdb,global_ties,0.788,0.7915,0.9955780164245105
123,2026,sst2+mrpc,sst2,mean,0.7041284403669725,0.7637614678899083,0.9219219219219219
123,2026,sst2+mrpc,mrpc,mean,0.8231797919762258,0.832520325203252,0.9887804141901931
123,2026,sst2+mrpc,sst2,task_arithmetic,0.698394495412844,0.7637614678899083,0.9144144144144144
123,2026,sst2+mrpc,mrpc,task_arithmetic,0.8301282051282052,0.832520325203252,0.9971266526442308
123,2026,sst2+mrpc,sst2,tensorwise_ties,0.7362385321100917,0.7637614678899083,0.9639639639639639
123,2026,sst2+mrpc,mrpc,tensorwise_ties,0.8291925465838509,0.832520325203252,0.996002765916149
123,2026,sst2+mrpc,sst2,global_ties,0.7213302752293578,0.7637614678899083,0.9444444444444444
123,2026,sst2+mrpc,mrpc,global_ties,0.8205128205128205,0.832520325203252,0.985576923076923
123,2026,sst2+rte,sst2,mean,0.6571100917431193,0.7637614678899083,0.8603603603603603
123,2026,sst2+rte,rte,mean,0.5631768953068592,0.6064981949458483,0.9285714285714286
123,2026,sst2+rte,sst2,task_arithmetic,0.6410550458715596,0.7637614678899083,0.8393393393393392
123,2026,sst2+rte,rte,task_arithmetic,0.5595667870036101,0.6064981949458483,0.9226190476190476
123,2026,sst2+rte,sst2,tensorwise_ties,0.7075688073394495,0.7637614678899083,0.9264264264264264
123,2026,sst2+rte,rte,tensorwise_ties,0.5523465703971119,0.6064981949458483,0.9107142857142857
123,2026,sst2+rte,sst2,global_ties,0.7155963302752294,0.7637614678899083,0.9369369369369369
123,2026,sst2+rte,rte,global_ties,0.5090252707581228,0.6064981949458483,0.8392857142857144
123,2026,imdb+mrpc,imdb,mean,0.6795,0.7915,0.8584965255843335
123,2026,imdb+mrpc,mrpc,mean,0.8212703101920237,0.832520325203252,0.9864867983751847
123,2026,imdb+mrpc,imdb,task_arithmetic,0.6495,0.7915,0.8205938092229943
123,2026,imdb+mrpc,mrpc,task_arithmetic,0.8162650602409639,0.832520325203252,0.9804746329066265
123,2026,imdb+mrpc,imdb,tensorwise_ties,0.7285,0.7915,0.9204042956411876
123,2026,imdb+mrpc,mrpc,tensorwise_ties,0.819672131147541,0.832520325203252,0.9845671106557378
123,2026,imdb+mrpc,imdb,global_ties,0.6825,0.7915,0.8622867972204675
123,2026,imdb+mrpc,mrpc,global_ties,0.815592203898051,0.832520325203252,0.9796664167916042
123,2026,imdb+rte,imdb,mean,0.6725,0.7915,0.8496525584333544
123,2026,imdb+rte,rte,mean,0.5487364620938628,0.6064981949458483,0.9047619047619049
123,2026,imdb+rte,imdb,task_arithmetic,0.642,0.7915,0.8111181301326595
123,2026,imdb+rte,rte,task_arithmetic,0.5090252707581228,0.6064981949458483,0.8392857142857144
123,2026,imdb+rte,imdb,tensorwise_ties,0.7365,0.7915,0.9305116866708781
123,2026,imdb+rte,rte,tensorwise_ties,0.516245487364621,0.6064981949458483,0.8511904761904763
123,2026,imdb+rte,imdb,global_ties,0.7275,0.7915,0.9191408717624764
123,2026,imdb+rte,rte,global_ties,0.48375451263537905,0.6064981949458483,0.7976190476190477
123,2026,mrpc+rte,mrpc,mean,0.8193832599118943,0.832520325203252,0.9842201266519824
123,2026,mrpc+rte,rte,mean,0.51985559566787,0.6064981949458483,0.8571428571428571
123,2026,mrpc+rte,mrpc,task_arithmetic,0.8273809523809523,0.832520325203252,0.9938267299107142
123,2026,mrpc+rte,rte,task_arithmetic,0.4981949458483754,0.6064981949458483,0.8214285714285714
123,2026,mrpc+rte,mrpc,tensorwise_ties,0.8298507462686567,0.832520325203252,0.9967933768656717
123,2026,mrpc+rte,rte,tensorwise_ties,0.5054151624548736,0.6064981949458483,0.8333333333333334
123,2026,mrpc+rte,mrpc,global_ties,0.8358662613981763,0.832520325203252,1.0040190444528876
123,2026,mrpc+rte,rte,global_ties,0.48375451263537905,0.6064981949458483,0.7976190476190477
