seed,subset_seed,pair,cosine_similarity,sign_agreement
7,2026,sst2+imdb,0.4047478139400482,0.6896865963935852
7,2026,sst2+mrpc,0.08889751136302948,0.7088878750801086
7,2026,sst2+rte,-0.003920252900570631,0.6916947960853577
7,2026,imdb+mrpc,0.04893438518047333,0.6497859954833984
7,2026,imdb+rte,8.481675467919558e-05,0.6436706185340881
7,2026,mrpc+rte,-0.053709715604782104,0.7087273597717285
42,2026,sst2+imdb,0.366996705532074,0.685737669467926
42,2026,sst2+mrpc,0.030481604859232903,0.7038113474845886
42,2026,sst2+rte,-0.006005640607327223,0.6920636296272278
42,2026,imdb+mrpc,0.023114942014217377,0.6480159759521484
42,2026,imdb+rte,0.014472192153334618,0.6453039646148682
42,2026,mrpc+rte,-0.04672269895672798,0.7075173854827881
123,2026,sst2+imdb,0.4416067600250244,0.6927379965782166
123,2026,sst2+mrpc,0.09840521216392517,0.7089285254478455
123,2026,sst2+rte,0.013570805080235004,0.6934564113616943
123,2026,imdb+mrpc,0.06829699873924255,0.6516541838645935
123,2026,imdb+rte,0.00425880728289485,0.6438859701156616
123,2026,mrpc+rte,-0.01596974767744541,0.7131515741348267
