seed,pair,global_ties,tensorwise_ties,delta
7,imdb+mrpc,0.9793298047644925,0.9707637141710123,0.008566090593480236
7,imdb+rte,0.8901601567000806,0.8897050351422975,0.00045512155778315577
7,mrpc+rte,0.9257183334663579,0.92709156239007,-0.0013732289237120554
7,sst2+imdb,0.9816157445946857,0.9866901403169317,-0.0050743957222459946
7,sst2+mrpc,0.973078075022367,0.9713427663808961,0.0017353086414708674
7,sst2+rte,0.8911735700197239,0.9033665052895823,-0.01219293526985843
42,imdb+mrpc,0.9621335054829766,0.9705368653882935,-0.008403359905316932
42,imdb+rte,0.851828231292517,0.8241921768707483,0.02763605442176864
42,mrpc+rte,0.9219493793571907,0.9553209188478695,-0.033371539490678837
42,sst2+imdb,0.9845820074656549,0.9686945430346052,0.015887464431049714
42,sst2+mrpc,0.9955378069547729,0.9841908798840417,0.01134692707073115
42,sst2+rte,0.8627828942671522,0.8795780681088028,-0.016795173841650635
123,imdb+mrpc,0.9209766070060359,0.9524857031484627,-0.03150909614242681
123,imdb+rte,0.858379959690762,0.8908510814306771,-0.032471121739915176
123,mrpc+rte,0.9008190460359676,0.9150633550995025,-0.01424430906353491
123,sst2+imdb,1.0000412604645075,0.9949875649496622,0.005053695514845247
123,sst2+mrpc,0.9650106837606838,0.9799833649400564,-0.014972681179372671
123,sst2+rte,0.8881113256113257,0.918570356070356,-0.030459030459030312
