seed,pair,method,mean_retained,worst_retained
7,imdb+mrpc,global_ties,0.9793298047644925,0.9764035892501511
7,imdb+mrpc,mean,0.9475371322163703,0.9169835234474017
7,imdb+mrpc,task_arithmetic,0.9793207730488198,0.9784537389100126
7,imdb+mrpc,tensorwise_ties,0.9707637141710123,0.9626108998732572
7,imdb+rte,global_ties,0.8901601567000806,0.8424242424242424
7,imdb+rte,mean,0.885447632215693,0.8545454545454545
7,imdb+rte,task_arithmetic,0.8770307639128931,0.8484848484848484
7,imdb+rte,tensorwise_ties,0.8897050351422975,0.8484848484848484
7,mrpc+rte,global_ties,0.9257183334663579,0.8727272727272726
7,mrpc+rte,mean,0.9216584602759399,0.8666666666666667
7,mrpc+rte,task_arithmetic,0.9203969338968436,0.8606060606060605
7,mrpc+rte,tensorwise_ties,0.92709156239007,0.8787878787878788
7,sst2+imdb,global_ties,0.9816157445946857,0.9689349112426034
7,sst2+imdb,mean,0.9779203320809053,0.9748520710059172
7,sst2+imdb,task_arithmetic,0.9633402329366061,0.9526627218934911
7,sst2+imdb,tensorwise_ties,0.9866901403169317,0.982256020278834
7,sst2+mrpc,global_ties,0.973078075022367,0.9698247890979884
7,sst2+mrpc,mean,0.9426462748931108,0.9053254437869822
7,sst2+mrpc,task_arithmetic,0.9602808147088628,0.9526627218934911
7,sst2+mrpc,tensorwise_ties,0.9713427663808961,0.9541420118343195
7,sst2+rte,global_ties,0.8911735700197239,0.8666666666666667
7,sst2+rte,mean,0.9059440559440559,0.8846153846153847
7,sst2+rte,task_arithmetic,0.8917473552088936,0.8683431952662721
7,sst2+rte,tensorwise_ties,0.9033665052895823,0.896969696969697
42,imdb+mrpc,global_ties,0.9621335054829766,0.944515306122449
42,imdb+mrpc,mean,0.9422064972634652,0.9043367346938774
42,imdb+mrpc,task_arithmetic,0.9359814352656404,0.8832908163265306
42,imdb+mrpc,tensorwise_ties,0.9705368653882935,0.957908163265306
42,imdb+rte,global_ties,0.851828231292517,0.8452380952380952
42,imdb+rte,mean,0.8855229591836734,0.8067602040816325
42,imdb+rte,task_arithmetic,0.8551232993197279,0.8233418367346937
42,imdb+rte,tensorwise_ties,0.8241921768707483,0.7614795918367346
42,mrpc+rte,global_ties,0.9219493793571907,0.8630952380952381
42,mrpc+rte,mean,0.9364456583032701,0.880952380952381
42,mrpc+rte,task_arithmetic,0.9332252706033652,0.892857142857143
42,mrpc+rte,tensorwise_ties,0.9553209188478695,0.9107142857142857
42,sst2+imdb,global_ties,0.9845820074656549,0.9706632653061225
42,sst2+imdb,mean,0.9698801747085641,0.9502551020408163
42,sst2+imdb,task_arithmetic,0.9932701060184193,0.9910044977511244
42,sst2+imdb,tensorwise_ties,0.9686945430346052,0.9565217391304348
42,sst2+mrpc,global_ties,0.9955378069547729,0.9835082458770615
42,sst2+mrpc,mean,0.9566265725203933,0.9250374812593702
42,sst2+mrpc,task_arithmetic,0.9957745379801793,0.992503748125937
42,sst2+mrpc,tensorwise_ties,0.9841908798840417,0.9700149925037481
42,sst2+rte,global_ties,0.8627828942671522,0.8095238095238095
42,sst2+rte,mean,0.8801269008352967,0.7781109445277361
42,sst2+rte,task_arithmetic,0.9012279574498465,0.8500749625187407
42,sst2+rte,tensorwise_ties,0.8795780681088028,0.830584707646177
123,imdb+mrpc,global_ties,0.9209766070060359,0.8622867972204675
123,imdb+mrpc,mean,0.9224916619797592,0.8584965255843335
123,imdb+mrpc,task_arithmetic,0.9005342210648104,0.8205938092229943
123,imdb+mrpc,tensorwise_ties,0.9524857031484627,0.9204042956411876
123,imdb+rte,global_ties,0.858379959690762,0.7976190476190477
123,imdb+rte,mean,0.8772072315976296,0.8496525584333544
123,imdb+rte,task_arithmetic,0.825201922209187,0.8111181301326595
123,imdb+rte,tensorwise_ties,0.8908510814306771,0.8511904761904763
123,mrpc+rte,global_ties,0.9008190460359676,0.7976190476190477
123,mrpc+rte,mean,0.9206814918974198,0.8571428571428571
123,mrpc+rte,task_arithmetic,0.9076276506696428,0.8214285714285714
123,mrpc+rte,tensorwise_ties,0.9150633550995025,0.8333333333333334
123,sst2+imdb,global_ties,1.0000412604645075,0.9955780164245105
123,sst2+imdb,mean,0.9909179552262306,0.9848389134554643
123,sst2+imdb,task_arithmetic,1.0026458865688177,1.0015015015015014
123,sst2+imdb,tensorwise_ties,0.9949875649496622,0.98547062539482
123,sst2+mrpc,global_ties,0.9650106837606838,0.9444444444444444
123,sst2+mrpc,mean,0.9553511680560576,0.9219219219219219
123,sst2+mrpc,task_arithmetic,0.9557705335293226,0.9144144144144144
123,sst2+mrpc,tensorwise_ties,0.9799833649400564,0.9639639639639639
123,sst2+rte,global_ties,0.8881113256113257,0.8392857142857144
123,sst2+rte,mean,0.8944658944658945,0.8603603603603603
123,sst2+rte,task_arithmetic,0.8809791934791934,0.8393393393393392
123,sst2+rte,tensorwise_ties,0.918570356070356,0.9107142857142857
