seed,steps,task,primary_metric,score
42,1200,sst2,accuracy,0.7981651376146789
42,1200,imdb,accuracy,0.821
42,1200,mrpc,f1,0.8497576736672051
42,1200,rte,accuracy,0.6209386281588448
42,1200,cola,matthews_correlation,0.1095279972180267
42,1200,boolq,accuracy,0.6745
123,400,sst2,accuracy,0.7637614678899083
123,400,imdb,accuracy,0.7915
123,400,mrpc,f1,0.832520325203252
123,400,rte,accuracy,0.6064981949458483
123,400,cola,matthews_correlation,0.0
123,400,boolq,accuracy,0.6315
42,400,sst2,accuracy,0.7649082568807339
42,400,imdb,accuracy,0.784
42,400,mrpc,f1,0.8349514563106796
42,400,rte,accuracy,0.6064981949458483
42,400,cola,matthews_correlation,0.0
42,400,boolq,accuracy,0.6315
7,400,sst2,accuracy,0.7752293577981652
7,400,imdb,accuracy,0.789
7,400,mrpc,f1,0.8414442700156985
7,400,rte,accuracy,0.5956678700361011
7,400,cola,matthews_correlation,0.0
7,400,boolq,accuracy,0.6465
