seed,steps,pair,task,incoming_task,directional_projection,incoming_norm_ratio
42,1200,sst2+imdb,sst2,imdb,0.3325094878673553,1.1010581254959106
42,1200,sst2+imdb,imdb,sst2,0.2742467820644378,0.9082173109054564
42,1200,sst2+mrpc,sst2,mrpc,0.0328153371810913,0.826525092124939
42,1200,sst2+mrpc,mrpc,sst2,0.0480352379381656,1.2098846435546875
42,1200,sst2+rte,sst2,rte,0.0059491908177733,1.079020619392395
42,1200,sst2+rte,rte,sst2,0.0051092943176627,0.9267663359642028
42,1200,sst2+cola,sst2,cola,0.0140226539224386,0.6837185025215149
42,1200,sst2+cola,cola,sst2,0.0299964919686317,1.462590217590332
42,1200,sst2+boolq,sst2,boolq,0.0435350537300109,0.8755121827125549
42,1200,sst2+boolq,boolq,sst2,0.056781880557537,1.142188549041748
42,1200,imdb+mrpc,imdb,mrpc,0.022664725780487,0.7506643533706665
42,1200,imdb+mrpc,mrpc,imdb,0.0402249991893768,1.3321533203125
42,1200,imdb+rte,imdb,rte,0.0106722181662917,0.9799851775169371
42,1200,imdb+rte,rte,imdb,0.0111127160489559,1.0204236507415771
42,1200,imdb+cola,imdb,cola,0.0251967348158359,0.6209649443626404
42,1200,imdb+cola,cola,imdb,0.0653502196073532,1.6103968620300293
42,1200,imdb+boolq,imdb,boolq,0.0365507528185844,0.7951552867889404
42,1200,imdb+boolq,boolq,imdb,0.0578002259135246,1.2576159238815308
42,1200,mrpc+rte,mrpc,rte,0.0050506778061389,1.305490493774414
42,1200,mrpc+rte,rte,mrpc,0.0029632593505084,0.7659956216812134
42,1200,mrpc+cola,mrpc,cola,0.031665414571762,0.8272204995155334
42,1200,mrpc+cola,cola,mrpc,0.0462745726108551,1.2088675498962402
42,1200,mrpc+boolq,mrpc,boolq,0.0453120209276676,1.0592687129974363
42,1200,mrpc+boolq,boolq,mrpc,0.0403739362955093,0.9440474510192872
42,1200,rte+cola,rte,cola,0.0168143901973962,0.6336473226547241
42,1200,rte+cola,cola,rte,0.0418811254203319,1.578165054321289
42,1200,rte+boolq,rte,boolq,2.1823290808242742e-05,0.8113952279090881
42,1200,rte+boolq,boolq,rte,3.3142699976451695e-05,1.2324450016021729
42,1200,cola+boolq,cola,boolq,0.0381068512797355,1.2805155515670776
42,1200,cola+boolq,boolq,cola,0.0232345089316368,0.7809354066848755
123,400,sst2+imdb,sst2,imdb,0.4432441294193268,1.003873586654663
123,400,sst2+imdb,imdb,sst2,0.439804345369339,0.9961413145065308
123,400,sst2+mrpc,sst2,mrpc,0.0853081941604614,0.8670506477355957
123,400,sst2+mrpc,mrpc,sst2,0.1134725213050842,1.1533352136611938
123,400,sst2+rte,sst2,rte,0.008909392170608,0.6566202044487
123,400,sst2+rte,rte,sst2,0.0206614099442958,1.522950291633606
123,400,sst2+cola,sst2,cola,0.0009206037502735,0.3881408274173736
123,400,sst2+cola,cola,sst2,0.0061109503731131,2.5763845443725586
123,400,sst2+boolq,sst2,boolq,0.0265112463384866,0.635665774345398
123,400,sst2+boolq,boolq,sst2,0.0655936375260353,1.573153734207153
123,400,imdb+mrpc,imdb,mrpc,0.0589752607047557,0.8637049794197083
123,400,imdb+mrpc,mrpc,imdb,0.0790593549609184,1.157802700996399
123,400,imdb+rte,imdb,rte,0.0027850056067109,0.6540865302085876
123,400,imdb+rte,rte,imdb,0.0065091070719063,1.5288496017456057
123,400,imdb+cola,imdb,cola,0.00199700682424,0.3866431415081024
123,400,imdb+cola,cola,imdb,0.01335977204144,2.586364269256592
123,400,imdb+boolq,imdb,boolq,0.040894653648138,0.6332129836082458
123,400,imdb+boolq,boolq,imdb,0.1019721552729606,1.5792474746704102
123,400,mrpc+rte,mrpc,rte,-0.0120916329324245,0.7573032379150391
123,400,mrpc+rte,rte,mrpc,-0.0210812762379646,1.3204751014709473
123,400,mrpc+cola,mrpc,cola,0.0236281957477331,0.4476564824581146
123,400,mrpc+cola,cola,mrpc,0.1179143339395523,2.233855724334717
123,400,mrpc+boolq,mrpc,boolq,0.0466104783117771,0.7331357598304749
123,400,mrpc+boolq,boolq,mrpc,0.0866992175579071,1.3640038967132568
123,400,rte+cola,rte,cola,0.0389830358326435,0.5911192297935486
123,400,rte+cola,cola,rte,0.1115834489464759,1.6917061805725098
123,400,rte+boolq,rte,boolq,-0.016246248036623,0.9680874347686768
123,400,rte+boolq,boolq,rte,-0.017332961782813,1.0329645872116089
123,400,cola+boolq,cola,boolq,0.0962239801883697,1.6377195119857788
123,400,cola+boolq,boolq,cola,0.0358656644821167,0.6106051802635193
42,400,sst2+imdb,sst2,imdb,0.3587490022182464,0.9776840209960938
42,400,sst2+imdb,imdb,sst2,0.3752847015857696,1.0228253602981567
42,400,sst2+mrpc,sst2,mrpc,0.0269428249448537,0.884046733379364
42,400,sst2+mrpc,mrpc,sst2,0.0344727896153926,1.13116192817688
42,400,sst2+rte,sst2,rte,-0.0040650679729878,0.6769840121269226
42,400,sst2+rte,rte,sst2,-0.0088686626404523,1.4771397113800049
42,400,sst2+cola,sst2,cola,-0.0166078545153141,0.299160748720169
42,400,sst2+cola,cola,sst2,-0.1855678856372833,3.342684745788574
42,400,sst2+boolq,sst2,boolq,0.026110965758562,0.6516715288162231
42,400,sst2+boolq,boolq,sst2,0.0614668428897857,1.534515380859375
42,400,imdb+mrpc,imdb,mrpc,0.0208961740136146,0.9042254090309144
42,400,imdb+mrpc,mrpc,imdb,0.025558179244399,1.1059188842773438
42,400,imdb+rte,imdb,rte,0.010018702596426,0.6924363970756531
42,400,imdb+rte,rte,imdb,0.0208944827318191,1.4441759586334229
42,400,imdb+cola,imdb,cola,-0.0032019391655921,0.3059891760349273
42,400,imdb+cola,cola,imdb,-0.034200482070446,3.2680892944335938
42,400,imdb+boolq,imdb,boolq,0.0331412963569164,0.6665461659431458
42,400,imdb+boolq,boolq,imdb,0.0745791345834732,1.500271201133728
42,400,mrpc+rte,mrpc,rte,-0.0357721373438835,0.7657785415649414
42,400,mrpc+rte,rte,mrpc,-0.0609960742294788,1.3058605194091797
42,400,mrpc+cola,mrpc,cola,0.0020187653135508,0.3383992314338684
42,400,mrpc+cola,cola,mrpc,0.017629574984312,2.955089569091797
42,400,mrpc+boolq,mrpc,boolq,0.0128862867131829,0.7371460199356079
42,400,mrpc+boolq,boolq,mrpc,0.0237089600414037,1.3565833568572998
42,400,rte+cola,rte,cola,0.0003383667499292,0.441902220249176
42,400,rte+cola,cola,rte,0.0017329526599496,2.262944221496582
42,400,rte+boolq,rte,boolq,-0.0119446422904729,0.962609887123108
42,400,rte+boolq,boolq,rte,-0.0128884548321366,1.0388424396514893
42,400,cola+boolq,cola,boolq,-0.0043907505460083,2.1783323287963867
42,400,cola+boolq,boolq,cola,-0.0009250547736883,0.4590667486190796
7,400,sst2+imdb,sst2,imdb,0.3960192501544952,0.9785943627357484
7,400,sst2+imdb,imdb,sst2,0.4135005474090576,1.0218738317489624
7,400,sst2+mrpc,sst2,mrpc,0.0638747885823249,0.7186390161514282
7,400,sst2+mrpc,mrpc,sst2,0.1236775740981102,1.3915191888809204
7,400,sst2+rte,sst2,rte,-0.003410686738789,0.8701592087745667
7,400,sst2+rte,rte,sst2,-0.0045039979740977,1.1492149829864502
7,400,sst2+cola,sst2,cola,-0.012483955360949,0.3580157160758972
7,400,sst2+cola,cola,sst2,-0.0973983108997345,2.793173551559448
7,400,sst2+boolq,sst2,boolq,0.0364374443888664,0.6769891977310181
7,400,sst2+boolq,boolq,sst2,0.0794795155525207,1.4771283864974976
7,400,imdb+mrpc,imdb,mrpc,0.0359266325831413,0.7343584299087524
7,400,imdb+mrpc,mrpc,imdb,0.0666220784187316,1.361732840538025
7,400,imdb+rte,imdb,rte,7.54001084715128e-05,0.8891929984092712
7,400,imdb+rte,rte,imdb,9.536049765301868e-05,1.1246153116226196
7,400,imdb+cola,imdb,cola,-0.0010204392019659,0.3658469021320343
7,400,imdb+cola,cola,imdb,-0.0076247663237154,2.733383893966675
7,400,imdb+boolq,imdb,boolq,0.0558613613247871,0.6917975544929504
7,400,imdb+boolq,boolq,imdb,0.1166968196630477,1.4455095529556274
7,400,mrpc+rte,mrpc,rte,-0.0650208890438079,1.2108433246612549
7,400,mrpc+rte,rte,mrpc,-0.0443453229963779,0.82587069272995
7,400,mrpc+cola,mrpc,cola,-0.002982729114592,0.4981857240200043
7,400,mrpc+cola,cola,mrpc,-0.0120185362175107,2.0072834491729736
7,400,mrpc+boolq,mrpc,boolq,0.0122420554980635,0.9420434832572936
7,400,mrpc+boolq,boolq,mrpc,0.0137911411002278,1.061522126197815
7,400,rte+cola,rte,cola,0.0005542970611713,0.4114370048046112
7,400,rte+cola,cola,rte,0.0032748049125075,2.430505752563477
7,400,rte+boolq,rte,boolq,-0.0152403488755226,0.7780061364173889
7,400,rte+boolq,boolq,rte,-0.0251736305654048,1.285336971282959
7,400,cola+boolq,cola,boolq,0.0471537970006465,1.8909484148025515
7,400,cola+boolq,boolq,cola,0.013183319941163,0.5288351774215698
