seed,steps,pair,cosine_similarity,sign_agreement
42,1200,sst2+imdb,0.3020677268505096,0.6816548109054565
42,1200,sst2+mrpc,0.0397128798067569,0.705312192440033
42,1200,sst2+rte,0.0055149132385849,0.6931626796722412
42,1200,sst2+cola,0.0205146167427301,0.7305932641029358
42,1200,sst2+boolq,0.0497378930449485,0.6226402521133423
42,1200,imdb+mrpc,0.0302034970372915,0.6500160098075867
42,1200,imdb+rte,0.010894008912146,0.6459411978721619
42,1200,imdb+cola,0.0405909977853298,0.658557116985321
42,1200,imdb+boolq,0.0459829606115818,0.6053816676139832
42,1200,mrpc+rte,0.0038698252756148,0.7143059372901917
42,1200,mrpc+cola,0.0382894650101661,0.7422682046890259
42,1200,mrpc+boolq,0.042788065969944,0.630641758441925
42,1200,rte+cola,0.026544926688075,0.7269247770309448
42,1200,rte+boolq,2.6905172489932735e-05,0.6226603388786316
42,1200,cola+boolq,0.0297669135034084,0.631210207939148
123,400,sst2+imdb,0.4416067600250244,0.6927379965782166
123,400,sst2+mrpc,0.0984052121639251,0.7089285254478455
123,400,sst2+rte,0.013570805080235,0.6934564113616943
123,400,sst2+cola,0.0023722210898995,0.728986918926239
123,400,sst2+boolq,0.0417131595313549,0.6203287243843079
123,400,imdb+mrpc,0.0682969987392425,0.6516541838645935
123,400,imdb+rte,0.0042588072828948,0.6438859701156616
123,400,imdb+cola,0.0051661431789398,0.6539311408996582
123,400,imdb+boolq,0.0645972341299057,0.6075482368469238
123,400,mrpc+rte,-0.0159697476774454,0.7131515741348267
123,400,mrpc+cola,0.0527920611202716,0.7449915409088135
123,400,mrpc+boolq,0.0635890141129493,0.6337043046951294
123,400,rte+cola,0.0659677982330322,0.7333394289016724
123,400,rte+boolq,-0.0167868770658969,0.6199809908866882
123,400,cola+boolq,0.0587625876069068,0.6365531086921692
42,400,sst2+imdb,0.366996705532074,0.685737669467926
42,400,sst2+mrpc,0.0304816048592329,0.7038113474845886
42,400,sst2+rte,-0.0060056406073272,0.6920636296272278
42,400,sst2+cola,-0.0555237606167793,0.722826361656189
42,400,sst2+boolq,0.0400741323828697,0.6203734278678894
42,400,imdb+mrpc,0.0231149420142173,0.6480159759521484
42,400,imdb+rte,0.0144721921533346,0.6453039646148682
42,400,imdb+cola,-0.010466699488461,0.6517629027366638
42,400,imdb+boolq,0.0497326999902725,0.604688286781311
42,400,mrpc+rte,-0.0467226989567279,0.7075173854827881
42,400,mrpc+cola,0.0059668165631592,0.740532398223877
42,400,mrpc+boolq,0.0174847915768623,0.6263307332992554
42,400,rte+cola,0.0007659215480089,0.7251768708229065
42,400,rte+boolq,-0.012412111274898,0.6197382211685181
42,400,cola+boolq,-0.0020159792620688,0.6267784237861633
7,400,sst2+imdb,0.4047478139400482,0.6896865963935852
7,400,sst2+mrpc,0.0888975113630294,0.7088878750801086
7,400,sst2+rte,-0.0039202529005706,0.6916947960853577
7,400,sst2+cola,-0.0348755493760108,0.7250617742538452
7,400,sst2+boolq,0.053831573575735,0.6215037107467651
7,400,imdb+mrpc,0.0489343851804733,0.6497859954833984
7,400,imdb+rte,8.481675467919558e-05,0.6436706185340881
7,400,imdb+cola,-0.002789931371808,0.6526760458946228
7,400,imdb+boolq,0.0807677879929542,0.6093695759773254
7,400,mrpc+rte,-0.0537097156047821,0.7087273597717285
7,400,mrpc+cola,-0.0059883948415517,0.7375847101211548
7,400,mrpc+boolq,0.012997843325138,0.6250962615013123
7,400,rte+cola,0.001347585581243,0.7242476940155029
7,400,rte+boolq,-0.0195942651480436,0.6187999844551086
7,400,cola+boolq,0.0249404665082693,0.6314870119094849
