pair,method,400,1200,delta_long_minus_short
cola+boolq,global_ties,-0.00574999999999995,-0.025086584679619647,-0.019336584679619698
cola+boolq,mean,-0.00574999999999995,-0.08461533562229186,-0.07886533562229191
cola+boolq,task_arithmetic,-0.0054999999999999,-0.01704321596476075,-0.01154321596476085
cola+boolq,tensorwise_ties,-0.00574999999999995,-0.0737791216338986,-0.06802912163389865
imdb+boolq,global_ties,-0.018999999999999947,-0.0457499999999999,-0.026749999999999954
imdb+boolq,mean,-0.042749999999999955,-0.0892499999999999,-0.046499999999999944
imdb+boolq,task_arithmetic,-0.03749999999999995,-0.06499999999999995,-0.027499999999999997
imdb+boolq,tensorwise_ties,-0.02299999999999995,-0.0407499999999999,-0.017749999999999946
imdb+cola,global_ties,-0.0039324229327847,-0.07411589569978211,-0.0701834727669974
imdb+cola,mean,-0.07075,-0.12648025375730204,-0.05573025375730205
imdb+cola,task_arithmetic,-0.0481013370132785,-0.0561665545337378,-0.0080652175204593
imdb+cola,tensorwise_ties,-0.07264603072566364,-0.0710326959970079,0.001613334728655741
imdb+mrpc,global_ties,-0.030203171764362248,-0.059282563541677054,-0.029079391777314806
imdb+mrpc,mean,-0.045817677933774045,-0.0731764558812216,-0.027358777947447552
imdb+mrpc,task_arithmetic,-0.0504791424193762,-0.08324372356499404,-0.032764581145617845
imdb+mrpc,tensorwise_ties,-0.0235279669613099,-0.0369782344239639,-0.013450267462653997
imdb+rte,global_ties,-0.1024314079422382,-0.148706678700361,-0.046275270758122794
imdb+rte,mean,-0.08658032490974725,-0.1266010830324909,-0.04002075812274365
imdb+rte,task_arithmetic,-0.1035460288808664,-0.14137635379061375,-0.037830324909747345
imdb+rte,tensorwise_ties,-0.12779602888086639,-0.1460712996389891,-0.018275270758122714
mrpc+boolq,global_ties,-0.00912945486341425,-0.028625721568805003,-0.01949626670539075
mrpc+boolq,mean,-0.01415219874357495,-0.0371885383261398,-0.023036339582564853
mrpc+boolq,task_arithmetic,-0.0067006140000886,-0.025625721568805,-0.0189251075687164
mrpc+boolq,tensorwise_ties,-0.0098128152424268,-0.03346442241918815,-0.02365160717676135
mrpc+cola,global_ties,0.0117949801571569,-0.0015547655748918005,-0.0133497457320487
mrpc+cola,mean,-0.0080501022348685,-0.04858698627093725,-0.040536884036068754
mrpc+cola,task_arithmetic,0.0201860868552661,-0.000539749224566349,-0.02072583607983245
mrpc+cola,tensorwise_ties,-0.0033191016493157,-0.031513706272332,-0.0281946046230163
mrpc+rte,global_ties,-0.049530309694906655,-0.0420893792936672,0.007440930401239457
mrpc+rte,mean,-0.0394663817399779,-0.055071030963676,-0.0156046492236981
mrpc+rte,task_arithmetic,-0.043515089981355747,-0.054374865714469,-0.010859775733113253
mrpc+rte,tensorwise_ties,-0.027106057563664382,-0.046217943244737006,-0.019111885681072624
rte+boolq,global_ties,-0.010584837545126298,-0.05085559566786995,-0.04027075812274365
rte+boolq,mean,-0.018110108303249002,-0.04694043321299635,-0.02883032490974735
rte+boolq,task_arithmetic,-0.00016967509025265018,-0.041690433212996356,-0.04152075812274371
rte+boolq,tensorwise_ties,-0.016610108303249,-0.04644043321299635,-0.029830324909747352
rte+cola,global_ties,-0.01083032490974725,-0.0464746880496177,-0.03564436313987045
rte+cola,mean,-0.0018050541516245,-0.037001167316763395,-0.0351961131651389
rte+cola,task_arithmetic,-0.0090252707581227,-0.04102564726279005,-0.032000376504667354
rte+cola,tensorwise_ties,0.00541516245487365,-0.0406112756200125,-0.046026438074886156
sst2+boolq,global_ties,-0.021353211009174252,-0.05755733944954125,-0.036204128440366995
sst2+boolq,mean,-0.02921559633027515,-0.0409954128440367,-0.011779816513761546
sst2+boolq,task_arithmetic,-0.02067431192660545,-0.0451009174311926,-0.02442660550458715
sst2+boolq,tensorwise_ties,-0.02032110091743115,-0.0342912844036696,-0.013970183486238453
sst2+cola,global_ties,-0.00543294894115105,-0.057383695017355,-0.051950746076203945
sst2+cola,mean,-0.11839984608095616,-0.1525888769873621,-0.03418903090640593
sst2+cola,task_arithmetic,-0.0402170560106159,-0.05477247475727655,-0.01455541874666065
sst2+cola,tensorwise_ties,-0.050496064736013306,-0.09259758707930396,-0.042101522343290655
sst2+imdb,global_ties,-0.0120733944954128,-0.02035321100917425,-0.00827981651376145
sst2+imdb,mean,-0.02351376146788985,-0.03263073394495405,-0.009116972477064198
sst2+imdb,task_arithmetic,-0.00519036697247705,-0.0103096330275229,-0.005119266055045849
sst2+imdb,tensorwise_ties,-0.02412844036697245,-0.01908715596330265,0.005041284403669799
sst2+mrpc,global_ties,-0.0031481469699604,-0.028842870283306198,-0.025694723313345796
sst2+mrpc,mean,-0.03358939911432275,-0.0481443184849787,-0.01455491937065595
sst2+mrpc,task_arithmetic,-0.0032655249345386,-0.033999255944245646,-0.030733731009707048
sst2+mrpc,tensorwise_ties,-0.0121497249338256,-0.02252200715147515,-0.010372282217649548
sst2+rte,global_ties,-0.08987182459510475,-0.12005059119663496,-0.03017876660153021
sst2+rte,mean,-0.09027754777597449,-0.1323050872718842,-0.042027539495909705
sst2+rte,task_arithmetic,-0.0717798827542807,-0.1331537939257444,-0.061373911171463694
sst2+rte,tensorwise_ties,-0.0864542278011459,-0.12954368562249524,-0.04308945782134935
