seed,pair,method,mean_score_delta,worst_score_delta,mean_retained_ratio
7,cola+boolq,global_ties,-0.01299999999999995,-0.0259999999999999,0.9597834493426142
7,cola+boolq,mean,-0.01324999999999995,-0.0264999999999999,0.9590100541376644
7,cola+boolq,task_arithmetic,-0.01299999999999995,-0.0259999999999999,0.9597834493426142
7,cola+boolq,tensorwise_ties,-0.01299999999999995,-0.0259999999999999,0.9597834493426142
7,imdb+boolq,global_ties,-0.02249999999999995,-0.0259999999999999,0.9678511670033729
7,imdb+boolq,mean,-0.03399999999999995,-0.043,0.9534154367330375
7,imdb+boolq,task_arithmetic,-0.02899999999999995,-0.031,0.9594732090607807
7,imdb+boolq,tensorwise_ties,-0.02174999999999995,-0.0259999999999999,0.9688017373455783
7,imdb+cola,global_ties,-0.00373847591838585,-0.019,0.9759188846641318
7,imdb+cola,mean,-0.04475,-0.0895,0.8865652724968314
7,imdb+cola,task_arithmetic,-0.0423513370132785,-0.064,0.9188846641318124
7,imdb+cola,tensorwise_ties,0.0066841592944209514,-0.0414999999999999,0.947401774397972
7,imdb+mrpc,global_ties,-0.01692753230919855,-0.0198550646183971,0.9793298047644926
7,imdb+mrpc,mean,-0.0419677102290882,-0.0655,0.9475371322163701
7,imdb+mrpc,task_arithmetic,-0.01683542805920875,-0.017,0.9793207730488197
7,imdb+mrpc,tensorwise_ties,-0.0236202831559974,-0.0295,0.9707637141710121
7,imdb+rte,global_ties,-0.07143140794223825,-0.0938628158844765,0.8901601567000805
7,imdb+rte,mean,-0.07632129963898915,-0.0866425992779783,0.885447632215693
7,imdb+rte,task_arithmetic,-0.08237635379061375,-0.0902527075812275,0.8770307639128931
7,imdb+rte,tensorwise_ties,-0.0723763537906137,-0.0902527075812275,0.8897050351422975
7,mrpc+boolq,global_ties,-0.0254486856886359,-0.0384999999999999,0.9628575629981273
7,mrpc+boolq,mean,-0.0183812259169401,-0.0232624518338803,0.975736233932636
7,mrpc+boolq,task_arithmetic,-0.0103963549186962,-0.0152927098373925,0.9866591471130575
7,mrpc+boolq,tensorwise_ties,-0.01625024151672495,-0.0164999999999999,0.977731229405356
7,mrpc+cola,global_ties,0.024873750965888897,-0.0108595623695216,0.9870941394974154
7,mrpc+cola,mean,0.0085693958571783,-0.0292171957798906,0.9652773251645702
7,mrpc+cola,task_arithmetic,-0.01042801736079045,-0.0208560347215809,0.9752140035118524
7,mrpc+cola,tensorwise_ties,0.030377020119459197,-0.0208560347215809,0.9752140035118524
7,mrpc+rte,global_ties,-0.0468635663096119,-0.0758122743682311,0.9257183334663579
7,mrpc+rte,mean,-0.0495349463730444,-0.0794223826714801,0.9216584602759399
7,mrpc+rte,task_arithmetic,-0.0498516735465734,-0.0830324909747293,0.9203969338968436
7,mrpc+rte,tensorwise_ties,-0.04645284766996981,-0.0722021660649819,0.92709156239007
7,rte+boolq,global_ties,-0.029360108303248998,-0.0514999999999999,0.9541095408844831
7,rte+boolq,mean,-0.0535162454873646,-0.0830324909747293,0.9117415453842368
7,rte+boolq,task_arithmetic,-0.03771570397111905,-0.0469314079422382,0.9385642972649932
7,rte+boolq,tensorwise_ties,-0.03560559566786995,-0.03971119133574,0.9423047177107502
7,rte+cola,global_ties,-0.01757155361977665,-0.020702674026557,0.9757575757575758
7,rte+cola,mean,-0.04512635379061375,-0.0902527075812275,0.8484848484848484
7,rte+cola,task_arithmetic,-0.04151624548736465,-0.0830324909747293,0.8606060606060605
7,rte+cola,tensorwise_ties,-0.050062528349018545,-0.0794223826714801,0.8666666666666667
7,sst2+boolq,global_ties,-0.02741055045871555,-0.0444999999999999,0.9589271086460092
7,sst2+boolq,mean,-0.0294954128440367,-0.0389908256880734,0.9593841669069225
7,sst2+boolq,task_arithmetic,-0.020807339449541253,-0.0289999999999999,0.9694354443819018
7,sst2+boolq,tensorwise_ties,-0.021997706422018252,-0.0244999999999999,0.9684778529816902
7,sst2+cola,global_ties,-0.0065827396613595,-0.0263761467889908,0.9659763313609468
7,sst2+cola,mean,-0.06197106391253365,-0.125,0.8387573964497042
7,sst2+cola,task_arithmetic,-0.0544089748790077,-0.1169724770642202,0.849112426035503
7,sst2+cola,tensorwise_ties,-0.0227667536374595,-0.0470183486238532,0.9393491124260356
7,sst2+imdb,global_ties,-0.01429128440366975,-0.0240825688073395,0.9816157445946857
7,sst2+imdb,mean,-0.0172477064220183,-0.0194954128440366,0.9779203320809053
7,sst2+imdb,task_arithmetic,-0.028598623853211,-0.036697247706422,0.9633402329366062
7,sst2+imdb,tensorwise_ties,-0.01044036697247705,-0.014,0.9866901403169318
7,sst2+mrpc,global_ties,-0.02186969108161195,-0.0253907583100129,0.973078075022367
7,sst2+mrpc,mean,-0.045125529640807946,-0.073394495412844,0.9426462748931107
7,sst2+mrpc,task_arithmetic,-0.03185426401569945,-0.036697247706422,0.9602808147088628
7,sst2+mrpc,tensorwise_ties,-0.022595223692864548,-0.0355504587155963,0.9713427663808962
7,sst2+rte,global_ties,-0.07239467757427215,-0.0794223826714801,0.8911735700197239
7,sst2+rte,mean,-0.0663854204616964,-0.0894495412844036,0.9059440559440559
7,sst2+rte,task_arithmetic,-0.0763028682144868,-0.1020642201834862,0.8917473552088936
7,sst2+rte,tensorwise_ties,-0.06566298479780075,-0.0699541284403669,0.9033665052895823
42,cola+boolq,global_ties,-0.00574999999999995,-0.0114999999999999,0.9817893903404592
42,cola+boolq,mean,-0.00574999999999995,-0.0114999999999999,0.9817893903404592
42,cola+boolq,task_arithmetic,-0.0054999999999999,-0.0109999999999998,0.9825811559778308
42,cola+boolq,tensorwise_ties,-0.00574999999999995,-0.0114999999999999,0.9817893903404592
42,imdb+boolq,global_ties,-0.018999999999999947,-0.0199999999999999,0.9726850954158387
42,imdb+boolq,mean,-0.042749999999999955,-0.0695,0.9430077702102219
42,imdb+boolq,task_arithmetic,-0.03749999999999995,-0.0615,0.9500892251199768
42,imdb+boolq,tensorwise_ties,-0.02299999999999995,-0.0295,0.9681220914731687
42,imdb+cola,global_ties,-0.0039324229327847,-0.019,0.9757653061224488
42,imdb+cola,mean,-0.07075,-0.1415,0.8195153061224489
42,imdb+cola,task_arithmetic,-0.0481013370132785,-0.0755,0.9036989795918368
42,imdb+cola,tensorwise_ties,-0.07264603072566364,-0.1159999999999999,0.8520408163265306
42,imdb+mrpc,global_ties,-0.030203171764362248,-0.0434999999999999,0.9621335054829766
42,imdb+mrpc,mean,-0.045817677933774045,-0.075,0.9422064972634652
42,imdb+mrpc,task_arithmetic,-0.0504791424193762,-0.0915,0.9359814352656404
42,imdb+mrpc,tensorwise_ties,-0.0235279669613099,-0.033,0.9705368653882934
42,imdb+rte,global_ties,-0.1024314079422382,-0.1109999999999999,0.851828231292517
42,imdb+rte,mean,-0.08658032490974725,-0.1515,0.8855229591836735
42,imdb+rte,task_arithmetic,-0.1035460288808664,-0.1385,0.8551232993197279
42,imdb+rte,tensorwise_ties,-0.12779602888086639,-0.187,0.8241921768707483
42,mrpc+boolq,global_ties,-0.00912945486341425,-0.0124999999999999,0.9866542801034203
42,mrpc+boolq,mean,-0.01415219874357495,-0.0173043974871501,0.9809280608890523
42,mrpc+boolq,task_arithmetic,-0.0067006140000886,-0.0094999999999999,0.9901420259564941
42,mrpc+boolq,tensorwise_ties,-0.0098128152424268,-0.0104999999999999,0.986221693714927
42,mrpc+cola,global_ties,0.0117949801571569,-0.0016181229773462,0.998062015503876
42,mrpc+cola,mean,-0.0080501022348685,-0.016100204469737,0.9807171969722916
42,mrpc+cola,task_arithmetic,0.0201860868552661,-0.005983813783715,0.9928333393055506
42,mrpc+cola,tensorwise_ties,-0.0033191016493157,-0.0066382032986314,0.992049593723732
42,mrpc+rte,global_ties,-0.049530309694906655,-0.0830324909747292,0.9219493793571907
42,mrpc+rte,mean,-0.0394663817399779,-0.0722021660649818,0.9364456583032701
42,mrpc+rte,task_arithmetic,-0.043515089981355747,-0.0649819494584836,0.9332252706033652
42,mrpc+rte,tensorwise_ties,-0.027106057563664382,-0.0541516245487364,0.9553209188478694
42,rte+boolq,global_ties,-0.010584837545126298,-0.0319999999999999,0.9835920710326886
42,rte+boolq,mean,-0.018110108303249002,-0.0289999999999999,0.9710864155638502
42,rte+boolq,task_arithmetic,-0.00016967509025265018,-0.0219999999999999,1.0004382988349736
42,rte+boolq,tensorwise_ties,-0.016610108303249,-0.0259999999999999,0.9734617124759644
42,rte+cola,global_ties,-0.01083032490974725,-0.0216606498194945,0.9642857142857144
42,rte+cola,mean,-0.0018050541516245,-0.003610108303249,0.9940476190476192
42,rte+cola,task_arithmetic,-0.0090252707581227,-0.0180505415162454,0.9702380952380952
42,rte+cola,tensorwise_ties,0.00541516245487365,0.0,1.017857142857143
42,sst2+boolq,global_ties,-0.021353211009174252,-0.0449999999999999,0.9658697966931024
42,sst2+boolq,mean,-0.02921559633027515,-0.0424311926605504,0.9595956178680256
42,sst2+boolq,task_arithmetic,-0.02067431192660545,-0.0229999999999999,0.9697953873419585
42,sst2+boolq,tensorwise_ties,-0.02032110091743115,-0.0206422018348624,0.9706714338792599
42,sst2+cola,global_ties,-0.00543294894115105,-0.0103211009174312,0.9865067466266866
42,sst2+cola,mean,-0.11839984608095616,-0.2018348623853211,0.7361319340329835
42,sst2+cola,task_arithmetic,-0.0402170560106159,-0.1112385321100917,0.8545727136431784
42,sst2+cola,tensorwise_ties,-0.050496064736013306,-0.1066513761467889,0.8605697151424287
42,sst2+imdb,global_ties,-0.0120733944954128,-0.023,0.9845820074656548
42,sst2+imdb,mean,-0.02351376146788985,-0.039,0.9698801747085641
42,sst2+imdb,task_arithmetic,-0.00519036697247705,-0.0068807339449541,0.9932701060184193
42,sst2+imdb,tensorwise_ties,-0.02412844036697245,-0.0332568807339449,0.9686945430346052
42,sst2+mrpc,global_ties,-0.0031481469699604,-0.0126146788990825,0.995537806954773
42,sst2+mrpc,mean,-0.03358939911432275,-0.0573394495412844,0.9566265725203933
42,sst2+mrpc,task_arithmetic,-0.0032655249345386,-0.0057339449541284,0.9957745379801792
42,sst2+mrpc,tensorwise_ties,-0.0121497249338256,-0.0229357798165137,0.9841908798840415
42,sst2+rte,global_ties,-0.08987182459510475,-0.1155234657039711,0.8627828942671522
42,sst2+rte,mean,-0.09027754777597449,-0.1697247706422018,0.8801269008352967
42,sst2+rte,task_arithmetic,-0.0717798827542807,-0.1146788990825687,0.9012279574498465
42,sst2+rte,tensorwise_ties,-0.0864542278011459,-0.1295871559633027,0.8795780681088028
123,cola+boolq,global_ties,-0.0054999999999999,-0.0109999999999998,0.9825811559778308
123,cola+boolq,mean,-0.00524999999999995,-0.0104999999999999,0.983372921615202
123,cola+boolq,task_arithmetic,-0.0054999999999999,-0.0109999999999998,0.9825811559778308
123,cola+boolq,tensorwise_ties,-0.0044999999999999,-0.0089999999999998,0.985748218527316
123,imdb+boolq,global_ties,-0.02524999999999995,-0.03,0.964817446253218
123,imdb+boolq,mean,-0.0339999999999999,-0.0524999999999999,0.9545627558045725
123,imdb+boolq,task_arithmetic,-0.03299999999999985,-0.0549999999999999,0.9565464213243544
123,imdb+boolq,tensorwise_ties,-0.0217499999999999,-0.0249999999999999,0.9685191881876369
123,imdb+cola,global_ties,-0.0416122759697126,-0.0519999999999999,0.934301958307012
123,imdb+cola,mean,-0.08949999999999995,-0.1789999999999999,0.773847125710676
123,imdb+cola,task_arithmetic,-0.0775,-0.155,0.8041692987997473
123,imdb+cola,tensorwise_ties,-0.03697763984812695,-0.0564999999999999,0.9286165508528113
123,imdb+mrpc,global_ties,-0.06296406065260045,-0.1089999999999999,0.9209766070060359
123,imdb+mrpc,mean,-0.0616250075056141,-0.1119999999999999,0.9224916619797592
123,imdb+mrpc,task_arithmetic,-0.07912763248114404,-0.142,0.9005342210648104
123,imdb+mrpc,tensorwise_ties,-0.03792409702785545,-0.0629999999999999,0.9524857031484627
123,imdb+rte,global_ties,-0.09337184115523456,-0.1227436823104692,0.858379959690762
123,imdb+rte,mean,-0.0883808664259927,-0.119,0.8772072315976296
123,imdb+rte,task_arithmetic,-0.12348646209386271,-0.1494999999999999,0.825201922209187
123,imdb+rte,tensorwise_ties,-0.07262635379061361,-0.0902527075812273,0.8908510814306771
123,mrpc+boolq,global_ties,-0.02732834441980785,-0.0584999999999999,0.9559899488501404
123,mrpc+boolq,mean,-0.0182682153102643,-0.0209999999999999,0.9740419598655681
123,mrpc+boolq,task_arithmetic,-0.0114083107497741,-0.0139999999999999,0.9836201421879125
123,mrpc+boolq,tensorwise_ties,-0.026797254589756552,-0.0459999999999999,0.9590176252654883
123,mrpc+cola,global_ties,-0.008259709689968451,-0.0163344235180023,0.9997777881736528
123,mrpc+cola,mean,-0.0095546232430254,-0.0191092464860508,0.9770465105685132
123,mrpc+cola,task_arithmetic,-0.0071692535107169,-0.0143385070214338,0.9827769886363636
123,mrpc+cola,tensorwise_ties,-0.00475573782286495,-0.0095114756457299,0.9885750829646016
123,mrpc+rte,global_ties,-0.0596988730577725,-0.1227436823104692,0.9008190460359676
123,mrpc+rte,mean,-0.049889832284668,-0.0866425992779783,0.9206814918974198
123,mrpc+rte,task_arithmetic,-0.0567213109598863,-0.1083032490974729,0.9076276506696428
123,mrpc+rte,tensorwise_ties,-0.05187630571278495,-0.1010830324909747,0.9150633550995024
123,rte+boolq,global_ties,-0.0562364620938627,-0.0974729241877255,0.9077663725822872
123,rte+boolq,mean,-0.0513763537906136,-0.0902527075812273,0.9156981676280965
123,rte+boolq,task_arithmetic,-0.05604151624548725,-0.1010830324909747,0.9079572446555821
123,rte+boolq,tensorwise_ties,-0.03849097472924175,-0.0649819494584836,0.9369273837801155
123,rte+cola,global_ties,-0.0234657039711191,-0.0469314079422382,0.9226190476190476
123,rte+cola,mean,-0.0234657039711191,-0.0469314079422382,0.9226190476190476
123,rte+cola,task_arithmetic,-0.0324909747292418,-0.0649819494584836,0.892857142857143
123,rte+cola,tensorwise_ties,-0.01444043321299635,-0.0288808664259927,0.9523809523809524
123,sst2+boolq,global_ties,-0.0425871559633027,-0.0759999999999999,0.9338198055537723
123,sst2+boolq,mean,-0.02881880733944945,-0.040137614678899,0.9598678250697255
123,sst2+boolq,task_arithmetic,-0.02473165137614675,-0.0309633027522936,0.9650820654383601
123,sst2+boolq,tensorwise_ties,-0.03348394495412835,-0.0554999999999999,0.9485494996183833
123,sst2+cola,global_ties,-0.053913856829033296,-0.0665433099883419,0.945945945945946
123,sst2+cola,mean,-0.1197815866034309,-0.1869266055045871,0.7552552552552553
123,sst2+cola,task_arithmetic,-0.11570016841256049,-0.1869266055045871,0.7552552552552553
123,sst2+cola,tensorwise_ties,-0.07625304121084789,-0.0779816513761467,0.897897897897898
123,sst2+imdb,global_ties,-2.981651376145005e-05,-0.0034999999999999,1.0000412604645075
123,sst2+imdb,mean,-0.0071467889908257,-0.012,0.9909179552262306
123,sst2+imdb,task_arithmetic,0.0020733944954128003,0.0011467889908256,1.0026458865688177
123,sst2+imdb,tensorwise_ties,-0.0040298165137614495,-0.0114999999999999,0.9949875649496622
123,sst2+mrpc,global_ties,-0.027219348675491,-0.0424311926605505,0.9650106837606838
123,sst2+mrpc,mean,-0.03448678037498095,-0.0596330275229357,0.9553511680560576
123,sst2+mrpc,task_arithmetic,-0.0338795462760555,-0.0653669724770642,0.9557705335293226
123,sst2+mrpc,tensorwise_ties,-0.0154253571996088,-0.0275229357798165,0.9799833649400564
123,sst2+rte,global_ties,-0.07281903090120215,-0.0974729241877255,0.8881113256113256
123,sst2+rte,mean,-0.074986337892889,-0.1066513761467889,0.8944658944658945
123,sst2+rte,task_arithmetic,-0.08481891498029345,-0.1227064220183487,0.8809791934791934
123,sst2+rte,tensorwise_ties,-0.05517214254959755,-0.0561926605504587,0.918570356070356
