seed,steps,pair,task,method,score,specialist_score,score_delta,retained_ratio
123,1200,sst2+imdb,sst2,mean,0.7821100917431193,0.8004587155963303,-0.018348623853211,0.9770773638968482
123,1200,sst2+imdb,imdb,mean,0.8055,0.82,-0.0144999999999999,0.9823170731707318
123,1200,sst2+imdb,sst2,task_arithmetic,0.805045871559633,0.8004587155963303,0.0045871559633027,1.005730659025788
123,1200,sst2+imdb,imdb,task_arithmetic,0.808,0.82,-0.0119999999999999,0.9853658536585368
123,1200,sst2+imdb,sst2,tensorwise_ties,0.7993119266055045,0.8004587155963303,-0.0011467889908257,0.9985673352435528
123,1200,sst2+imdb,imdb,tensorwise_ties,0.7945,0.82,-0.0254999999999999,0.9689024390243904
123,1200,sst2+imdb,sst2,global_ties,0.7993119266055045,0.8004587155963303,-0.0011467889908257,0.9985673352435528
123,1200,sst2+imdb,imdb,global_ties,0.8025,0.82,-0.0174999999999999,0.978658536585366
123,1200,sst2+imdb,sst2,projection_balanced,0.7821100917431193,0.8004587155963303,-0.018348623853211,0.9770773638968482
123,1200,sst2+imdb,imdb,projection_balanced,0.805,0.82,-0.0149999999999999,0.9817073170731708
123,1200,sst2+mrpc,sst2,mean,0.7064220183486238,0.8004587155963303,-0.0940366972477064,0.8825214899713466
123,1200,sst2+mrpc,mrpc,mean,0.82642089093702,0.8301282051282052,-0.0037073141911851,0.9955340462252904
123,1200,sst2+mrpc,sst2,task_arithmetic,0.7282110091743119,0.8004587155963303,-0.0722477064220183,0.9097421203438396
123,1200,sst2+mrpc,mrpc,task_arithmetic,0.783068783068783,0.8301282051282052,-0.0470594220594221,0.9433106575963718
123,1200,sst2+mrpc,sst2,tensorwise_ties,0.7660550458715596,0.8004587155963303,-0.0344036697247707,0.95702005730659
123,1200,sst2+mrpc,mrpc,tensorwise_ties,0.7735191637630662,0.8301282051282052,-0.056609041365139,0.9318068690890988
123,1200,sst2+mrpc,sst2,global_ties,0.7729357798165137,0.8004587155963303,-0.0275229357798165,0.9656160458452722
123,1200,sst2+mrpc,mrpc,global_ties,0.7397769516728625,0.8301282051282052,-0.0903512534553426,0.8911598800074637
123,1200,sst2+mrpc,sst2,projection_balanced,0.7178899082568807,0.8004587155963303,-0.0825688073394496,0.8968481375358166
123,1200,sst2+mrpc,mrpc,projection_balanced,0.8222565687789799,0.8301282051282052,-0.0078716363492252,0.9905175654789256
123,1200,sst2+rte,sst2,mean,0.6192660550458715,0.8004587155963303,-0.1811926605504588,0.7736389684813753
123,1200,sst2+rte,rte,mean,0.592057761732852,0.6209386281588448,-0.0288808664259928,0.9534883720930232
123,1200,sst2+rte,sst2,task_arithmetic,0.6169724770642202,0.8004587155963303,-0.1834862385321101,0.7707736389684814
123,1200,sst2+rte,rte,task_arithmetic,0.5848375451263538,0.6209386281588448,-0.036101083032491,0.941860465116279
123,1200,sst2+rte,sst2,tensorwise_ties,0.6869266055045872,0.8004587155963303,-0.1135321100917431,0.8581661891117478
123,1200,sst2+rte,rte,tensorwise_ties,0.5740072202166066,0.6209386281588448,-0.0469314079422382,0.9244186046511628
123,1200,sst2+rte,sst2,global_ties,0.6961009174311926,0.8004587155963303,-0.1043577981651376,0.8696275071633237
123,1200,sst2+rte,rte,global_ties,0.5740072202166066,0.6209386281588448,-0.0469314079422382,0.9244186046511628
123,1200,sst2+rte,sst2,projection_balanced,0.6192660550458715,0.8004587155963303,-0.1811926605504588,0.7736389684813753
123,1200,sst2+rte,rte,projection_balanced,0.5884476534296029,0.6209386281588448,-0.0324909747292418,0.9476744186046512
123,1200,sst2+cola,sst2,mean,0.6536697247706422,0.8004587155963303,-0.146788990825688,0.8166189111747851
123,1200,sst2+cola,cola,mean,-0.0149993409528235,0.1749244640919501,-0.1899238050447736,-0.0857475312597732
123,1200,sst2+cola,sst2,task_arithmetic,0.6961009174311926,0.8004587155963303,-0.1043577981651376,0.8696275071633237
123,1200,sst2+cola,cola,task_arithmetic,-0.0185665787493408,0.1749244640919501,-0.1934910428412909,-0.1061405495550422
123,1200,sst2+cola,sst2,tensorwise_ties,0.7350917431192661,0.8004587155963303,-0.0653669724770642,0.9183381088825214
123,1200,sst2+cola,cola,tensorwise_ties,-0.0151626407042428,0.1749244640919501,-0.1900871047961929,-0.0866810756457284
123,1200,sst2+cola,sst2,global_ties,0.7488532110091743,0.8004587155963303,-0.0516055045871559,0.9355300859598854
123,1200,sst2+cola,cola,global_ties,0.0001395607080747,0.1749244640919501,-0.1747849033838754,0.0007978341325736
123,1200,sst2+cola,sst2,projection_balanced,0.6548165137614679,0.8004587155963303,-0.1456422018348624,0.818051575931232
123,1200,sst2+cola,cola,projection_balanced,-0.0240253159221702,0.1749244640919501,-0.1989497800141203,-0.1373468030723315
123,1200,sst2+boolq,sst2,mean,0.7488532110091743,0.8004587155963303,-0.0516055045871559,0.9355300859598854
123,1200,sst2+boolq,boolq,mean,0.611,0.678,-0.067,0.9011799410029496
123,1200,sst2+boolq,sst2,task_arithmetic,0.7763761467889908,0.8004587155963303,-0.0240825688073395,0.9699140401146132
123,1200,sst2+boolq,boolq,task_arithmetic,0.605,0.678,-0.073,0.8923303834808258
123,1200,sst2+boolq,sst2,tensorwise_ties,0.7706422018348624,0.8004587155963303,-0.0298165137614678,0.9627507163323782
123,1200,sst2+boolq,boolq,tensorwise_ties,0.5755,0.678,-0.1025,0.8488200589970502
123,1200,sst2+boolq,sst2,global_ties,0.7798165137614679,0.8004587155963303,-0.0206422018348624,0.974212034383954
123,1200,sst2+boolq,boolq,global_ties,0.5545,0.678,-0.1235,0.8178466076696165
123,1200,sst2+boolq,sst2,projection_balanced,0.7488532110091743,0.8004587155963303,-0.0516055045871559,0.9355300859598854
123,1200,sst2+boolq,boolq,projection_balanced,0.611,0.678,-0.067,0.9011799410029496
123,1200,imdb+mrpc,imdb,mean,0.721,0.82,-0.0989999999999999,0.8792682926829268
123,1200,imdb+mrpc,mrpc,mean,0.8207407407407408,0.8301282051282052,-0.0093874643874644,0.9886915486915486
123,1200,imdb+mrpc,imdb,task_arithmetic,0.7115,0.82,-0.1084999999999999,0.8676829268292684
123,1200,imdb+mrpc,mrpc,task_arithmetic,0.8169440242057489,0.8301282051282052,-0.0131841809224563,0.9841178978849174
123,1200,imdb+mrpc,imdb,tensorwise_ties,0.783,0.82,-0.0369999999999999,0.954878048780488
123,1200,imdb+mrpc,mrpc,tensorwise_ties,0.8174962292609351,0.8301282051282052,-0.01263197586727,0.9847831024301612
123,1200,imdb+mrpc,imdb,global_ties,0.7505,0.82,-0.0695,0.9152439024390244
123,1200,imdb+mrpc,mrpc,global_ties,0.8144796380090498,0.8301282051282052,-0.0156485671191554,0.981149216443334
123,1200,imdb+mrpc,imdb,projection_balanced,0.729,0.82,-0.0909999999999999,0.8890243902439025
123,1200,imdb+mrpc,mrpc,projection_balanced,0.8207407407407408,0.8301282051282052,-0.0093874643874644,0.9886915486915486
123,1200,imdb+rte,imdb,mean,0.5935,0.82,-0.2264999999999999,0.7237804878048781
123,1200,imdb+rte,rte,mean,0.5703971119133574,0.6209386281588448,-0.0505415162454874,0.9186046511627908
123,1200,imdb+rte,imdb,task_arithmetic,0.62,0.82,-0.1999999999999999,0.7560975609756098
123,1200,imdb+rte,rte,task_arithmetic,0.51985559566787,0.6209386281588448,-0.1010830324909748,0.8372093023255812
123,1200,imdb+rte,imdb,tensorwise_ties,0.6765,0.82,-0.1434999999999999,0.8250000000000001
123,1200,imdb+rte,rte,tensorwise_ties,0.5415162454873647,0.6209386281588448,-0.0794223826714801,0.872093023255814
123,1200,imdb+rte,imdb,global_ties,0.681,0.82,-0.1389999999999999,0.8304878048780489
123,1200,imdb+rte,rte,global_ties,0.516245487364621,0.6209386281588448,-0.1046931407942238,0.8313953488372092
123,1200,imdb+rte,imdb,projection_balanced,0.5945,0.82,-0.2254999999999999,0.7250000000000001
123,1200,imdb+rte,rte,projection_balanced,0.5631768953068592,0.6209386281588448,-0.0577617328519856,0.9069767441860463
123,1200,imdb+cola,imdb,mean,0.7475,0.82,-0.0724999999999999,0.9115853658536588
123,1200,imdb+cola,cola,mean,-0.0174913082408908,0.1749244640919501,-0.1924157723328409,-0.0999934933726389
123,1200,imdb+cola,imdb,task_arithmetic,0.7665,0.82,-0.0534999999999999,0.9347560975609756
123,1200,imdb+cola,cola,task_arithmetic,0.0094729717618388,0.1749244640919501,-0.1654514923301112,0.0541546421823497
123,1200,imdb+cola,imdb,tensorwise_ties,0.792,0.82,-0.0279999999999999,0.9658536585365854
123,1200,imdb+cola,cola,tensorwise_ties,-0.0058039094548607,0.1749244640919501,-0.1807283735468108,-0.0331795182851604
123,1200,imdb+cola,imdb,global_ties,0.785,0.82,-0.0349999999999999,0.9573170731707318
123,1200,imdb+cola,cola,global_ties,-0.0108973463596165,0.1749244640919501,-0.1858218104515666,-0.0622974403047951
123,1200,imdb+cola,imdb,projection_balanced,0.751,0.82,-0.0689999999999999,0.9158536585365854
123,1200,imdb+cola,cola,projection_balanced,-0.0271837784071053,0.1749244640919501,-0.2021082424990554,-0.1554029537733268
123,1200,imdb+boolq,imdb,mean,0.7575,0.82,-0.0625,0.923780487804878
123,1200,imdb+boolq,boolq,mean,0.632,0.678,-0.046,0.9321533923303834
123,1200,imdb+boolq,imdb,task_arithmetic,0.7855,0.82,-0.0344999999999999,0.9579268292682928
123,1200,imdb+boolq,boolq,task_arithmetic,0.6355,0.678,-0.0425,0.937315634218289
123,1200,imdb+boolq,imdb,tensorwise_ties,0.772,0.82,-0.0479999999999999,0.9414634146341464
123,1200,imdb+boolq,boolq,tensorwise_ties,0.6315,0.678,-0.0465000000000001,0.9314159292035395
123,1200,imdb+boolq,imdb,global_ties,0.791,0.82,-0.0289999999999999,0.9646341463414636
123,1200,imdb+boolq,boolq,global_ties,0.6265,0.678,-0.0515000000000001,0.9240412979351031
123,1200,imdb+boolq,imdb,projection_balanced,0.7575,0.82,-0.0625,0.923780487804878
123,1200,imdb+boolq,boolq,projection_balanced,0.632,0.678,-0.046,0.9321533923303834
123,1200,mrpc+rte,mrpc,mean,0.8122270742358079,0.8301282051282052,-0.0179011308923973,0.978435703326533
123,1200,mrpc+rte,rte,mean,0.5090252707581228,0.6209386281588448,-0.111913357400722,0.819767441860465
123,1200,mrpc+rte,mrpc,task_arithmetic,0.8122270742358079,0.8301282051282052,-0.0179011308923973,0.978435703326533
123,1200,mrpc+rte,rte,task_arithmetic,0.4765342960288808,0.6209386281588448,-0.1444043321299639,0.7674418604651162
123,1200,mrpc+rte,mrpc,tensorwise_ties,0.8082595870206489,0.8301282051282052,-0.0218686181075562,0.9736563364881948
123,1200,mrpc+rte,rte,tensorwise_ties,0.5306859205776173,0.6209386281588448,-0.0902527075812275,0.8546511627906976
123,1200,mrpc+rte,mrpc,global_ties,0.8035450516986706,0.8301282051282052,-0.0265831534295345,0.9679770506949236
123,1200,mrpc+rte,rte,global_ties,0.4945848375451263,0.6209386281588448,-0.1263537906137185,0.7965116279069766
123,1200,mrpc+rte,mrpc,projection_balanced,0.8122270742358079,0.8301282051282052,-0.0179011308923973,0.978435703326533
123,1200,mrpc+rte,rte,projection_balanced,0.5090252707581228,0.6209386281588448,-0.111913357400722,0.819767441860465
123,1200,mrpc+cola,mrpc,mean,0.8169838945827232,0.8301282051282052,-0.0131443105454819,0.984165927064902
123,1200,mrpc+cola,cola,mean,0.0,0.1749244640919501,-0.1749244640919501,0.0
123,1200,mrpc+cola,mrpc,task_arithmetic,0.8207407407407408,0.8301282051282052,-0.0093874643874644,0.9886915486915486
123,1200,mrpc+cola,cola,task_arithmetic,0.0803680913070258,0.1749244640919501,-0.0945563727849242,0.459444547817965
123,1200,mrpc+cola,mrpc,tensorwise_ties,0.8200589970501475,0.8301282051282052,-0.0100692080780576,0.9878702976048108
123,1200,mrpc+cola,cola,tensorwise_ties,-0.0080448563229265,0.1749244640919501,-0.1829693204148766,-0.0459904585941603
123,1200,mrpc+cola,mrpc,global_ties,0.8200589970501475,0.8301282051282052,-0.0100692080780576,0.9878702976048108
123,1200,mrpc+cola,cola,global_ties,0.1023399048830623,0.1749244640919501,-0.0725845592088877,0.5850519846627444
123,1200,mrpc+cola,mrpc,projection_balanced,0.8157894736842105,0.8301282051282052,-0.0143387314439946,0.9827270879902458
123,1200,mrpc+cola,cola,projection_balanced,0.0,0.1749244640919501,-0.1749244640919501,0.0
123,1200,mrpc+boolq,mrpc,mean,0.8181818181818182,0.8301282051282052,-0.0119463869463869,0.9856089856089856
123,1200,mrpc+boolq,boolq,mean,0.602,0.678,-0.076,0.8879056047197639
123,1200,mrpc+boolq,mrpc,task_arithmetic,0.8238805970149253,0.8301282051282052,-0.0062476081132798,0.9924739238172072
123,1200,mrpc+boolq,boolq,task_arithmetic,0.6365,0.678,-0.0415,0.9387905604719764
123,1200,mrpc+boolq,mrpc,tensorwise_ties,0.8266666666666667,0.8301282051282052,-0.0034615384615385,0.9958301158301156
123,1200,mrpc+boolq,boolq,tensorwise_ties,0.5935,0.678,-0.0845,0.8753687315634218
123,1200,mrpc+boolq,mrpc,global_ties,0.8256333830104322,0.8301282051282052,-0.0044948221177729,0.994585388028011
123,1200,mrpc+boolq,boolq,global_ties,0.605,0.678,-0.073,0.8923303834808258
123,1200,mrpc+boolq,mrpc,projection_balanced,0.8181818181818182,0.8301282051282052,-0.0119463869463869,0.9856089856089856
123,1200,mrpc+boolq,boolq,projection_balanced,0.608,0.678,-0.07,0.8967551622418878
123,1200,rte+cola,rte,mean,0.5812274368231047,0.6209386281588448,-0.03971119133574,0.936046511627907
123,1200,rte+cola,cola,mean,0.0,0.1749244640919501,-0.1749244640919501,0.0
123,1200,rte+cola,rte,task_arithmetic,0.5848375451263538,0.6209386281588448,-0.036101083032491,0.941860465116279
123,1200,rte+cola,cola,task_arithmetic,0.0181483424209311,0.1749244640919501,-0.1567761216710189,0.1037495956619958
123,1200,rte+cola,rte,tensorwise_ties,0.5703971119133574,0.6209386281588448,-0.0505415162454874,0.9186046511627908
123,1200,rte+cola,cola,tensorwise_ties,-0.020702674026557,0.1749244640919501,-0.1956271381185071,-0.1183520791904471
123,1200,rte+cola,rte,global_ties,0.5812274368231047,0.6209386281588448,-0.03971119133574,0.936046511627907
123,1200,rte+cola,cola,global_ties,0.0,0.1749244640919501,-0.1749244640919501,0.0
123,1200,rte+cola,rte,projection_balanced,0.5812274368231047,0.6209386281588448,-0.03971119133574,0.936046511627907
123,1200,rte+cola,cola,projection_balanced,0.0,0.1749244640919501,-0.1749244640919501,0.0
123,1200,rte+boolq,rte,mean,0.5884476534296029,0.6209386281588448,-0.0324909747292418,0.9476744186046512
123,1200,rte+boolq,boolq,mean,0.6235,0.678,-0.0544999999999999,0.9196165191740412
123,1200,rte+boolq,rte,task_arithmetic,0.516245487364621,0.6209386281588448,-0.1046931407942238,0.8313953488372092
123,1200,rte+boolq,boolq,task_arithmetic,0.619,0.678,-0.059,0.9129793510324484
123,1200,rte+boolq,rte,tensorwise_ties,0.5848375451263538,0.6209386281588448,-0.036101083032491,0.941860465116279
123,1200,rte+boolq,boolq,tensorwise_ties,0.6285,0.678,-0.0495000000000001,0.9269911504424776
123,1200,rte+boolq,rte,global_ties,0.5595667870036101,0.6209386281588448,-0.0613718411552347,0.9011627906976742
123,1200,rte+boolq,boolq,global_ties,0.6195,0.678,-0.0584999999999999,0.913716814159292
123,1200,rte+boolq,rte,projection_balanced,0.5884476534296029,0.6209386281588448,-0.0324909747292418,0.9476744186046512
123,1200,rte+boolq,boolq,projection_balanced,0.6235,0.678,-0.0544999999999999,0.9196165191740412
123,1200,cola+boolq,cola,mean,0.0463559874942472,0.1749244640919501,-0.1285684765977029,0.2650057425351316
123,1200,cola+boolq,boolq,mean,0.6375,0.678,-0.0405,0.9402654867256636
123,1200,cola+boolq,cola,task_arithmetic,0.0738073951554178,0.1749244640919501,-0.1011170689365322,0.4219386667185703
123,1200,cola+boolq,boolq,task_arithmetic,0.644,0.678,-0.034,0.9498525073746312
123,1200,cola+boolq,cola,tensorwise_ties,0.0371624120468723,0.1749244640919501,-0.1377620520450777,0.2124483401437645
123,1200,cola+boolq,boolq,tensorwise_ties,0.6565,0.678,-0.0215,0.9682890855457226
123,1200,cola+boolq,cola,global_ties,0.0302601290107636,0.1749244640919501,-0.1446643350811864,0.1729896911095137
123,1200,cola+boolq,boolq,global_ties,0.642,0.678,-0.036,0.9469026548672566
123,1200,cola+boolq,cola,projection_balanced,0.0463559874942472,0.1749244640919501,-0.1285684765977029,0.2650057425351316
123,1200,cola+boolq,boolq,projection_balanced,0.6375,0.678,-0.0405,0.9402654867256636
42,1200,sst2+imdb,sst2,mean,0.7844036697247706,0.7981651376146789,-0.0137614678899082,0.9827586206896552
42,1200,sst2+imdb,imdb,mean,0.7695,0.821,-0.0514999999999999,0.9372716199756396
42,1200,sst2+imdb,sst2,task_arithmetic,0.805045871559633,0.7981651376146789,0.0068807339449541,1.0086206896551724
42,1200,sst2+imdb,imdb,task_arithmetic,0.7935,0.821,-0.0274999999999999,0.966504263093788
42,1200,sst2+imdb,sst2,tensorwise_ties,0.7889908256880734,0.7981651376146789,-0.0091743119266054,0.9885057471264368
42,1200,sst2+imdb,imdb,tensorwise_ties,0.792,0.821,-0.0289999999999999,0.964677222898904
42,1200,sst2+imdb,sst2,global_ties,0.8004587155963303,0.7981651376146789,0.0022935779816514,1.002873563218391
42,1200,sst2+imdb,imdb,global_ties,0.778,0.821,-0.0429999999999999,0.9476248477466506
42,1200,sst2+imdb,sst2,projection_balanced,0.7844036697247706,0.7981651376146789,-0.0137614678899082,0.9827586206896552
42,1200,sst2+imdb,imdb,projection_balanced,0.773,0.821,-0.0479999999999999,0.9415347137637028
42,1200,sst2+mrpc,sst2,mean,0.7110091743119266,0.7981651376146789,-0.0871559633027523,0.8908045977011494
42,1200,sst2+mrpc,mrpc,mean,0.840625,0.8497576736672051,-0.0091326736672051,0.9892526140684412
42,1200,sst2+mrpc,sst2,task_arithmetic,0.7821100917431193,0.7981651376146789,-0.0160550458715595,0.9798850574712644
42,1200,sst2+mrpc,mrpc,task_arithmetic,0.7978142076502732,0.8497576736672051,-0.0519434660169318,0.9388726131853976
42,1200,sst2+mrpc,sst2,tensorwise_ties,0.7649082568807339,0.7981651376146789,-0.0332568807339449,0.9583333333333334
42,1200,sst2+mrpc,mrpc,tensorwise_ties,0.8379705400981997,0.8497576736672051,-0.0117871335690054,0.986128829507197
42,1200,sst2+mrpc,sst2,global_ties,0.786697247706422,0.7981651376146789,-0.0114678899082568,0.985632183908046
42,1200,sst2+mrpc,mrpc,global_ties,0.8035398230088495,0.8497576736672051,-0.0462178506583556,0.9456105521720112
42,1200,sst2+mrpc,sst2,projection_balanced,0.7144495412844036,0.7981651376146789,-0.0837155963302752,0.8951149425287356
42,1200,sst2+mrpc,mrpc,projection_balanced,0.8419405320813772,0.8497576736672051,-0.0078171415858279,0.9908007402250428
42,1200,sst2+rte,sst2,mean,0.551605504587156,0.7981651376146789,-0.2465596330275229,0.6910919540229885
42,1200,sst2+rte,rte,mean,0.6028880866425993,0.6209386281588448,-0.0180505415162455,0.9709302325581396
42,1200,sst2+rte,sst2,task_arithmetic,0.5860091743119266,0.7981651376146789,-0.2121559633027523,0.7341954022988505
42,1200,sst2+rte,rte,task_arithmetic,0.5667870036101083,0.6209386281588448,-0.0541516245487365,0.9127906976744184
42,1200,sst2+rte,sst2,tensorwise_ties,0.5860091743119266,0.7981651376146789,-0.2121559633027523,0.7341954022988505
42,1200,sst2+rte,rte,tensorwise_ties,0.5740072202166066,0.6209386281588448,-0.0469314079422382,0.9244186046511628
42,1200,sst2+rte,sst2,global_ties,0.6158256880733946,0.7981651376146789,-0.1823394495412843,0.7715517241379312
42,1200,sst2+rte,rte,global_ties,0.5631768953068592,0.6209386281588448,-0.0577617328519856,0.9069767441860463
42,1200,sst2+rte,sst2,projection_balanced,0.5504587155963303,0.7981651376146789,-0.2477064220183485,0.6896551724137931
42,1200,sst2+rte,rte,projection_balanced,0.6064981949458483,0.6209386281588448,-0.0144404332129964,0.9767441860465116
42,1200,sst2+cola,sst2,mean,0.6100917431192661,0.7981651376146789,-0.1880733944954128,0.764367816091954
42,1200,sst2+cola,cola,mean,-0.0075763622612846,0.1095279972180267,-0.1171043594793114,-0.06917283666023
42,1200,sst2+cola,sst2,task_arithmetic,0.7488532110091743,0.7981651376146789,-0.0493119266055045,0.9382183908045978
42,1200,sst2+cola,cola,task_arithmetic,0.049294974308978,0.1095279972180267,-0.0602330229090486,0.4500673395027151
42,1200,sst2+cola,sst2,tensorwise_ties,0.7087155963302753,0.7981651376146789,-0.0894495412844036,0.8879310344827587
42,1200,sst2+cola,cola,tensorwise_ties,0.0137823643438224,0.1095279972180267,-0.0957456328742043,0.1258341674630204
42,1200,sst2+cola,sst2,global_ties,0.7626146788990825,0.7981651376146789,-0.0355504587155963,0.9554597701149424
42,1200,sst2+cola,cola,global_ties,0.0303110658989129,0.1095279972180267,-0.0792169313191137,0.2767426289971837
42,1200,sst2+cola,sst2,projection_balanced,0.6146788990825688,0.7981651376146789,-0.1834862385321101,0.7701149425287356
42,1200,sst2+cola,cola,projection_balanced,0.0042871869850594,0.1095279972180267,-0.1052408102329672,0.039142384540506
42,1200,sst2+boolq,sst2,mean,0.7591743119266054,0.7981651376146789,-0.0389908256880734,0.9511494252873562
42,1200,sst2+boolq,boolq,mean,0.6315,0.6745,-0.043,0.9362490733876946
42,1200,sst2+boolq,sst2,task_arithmetic,0.7809633027522935,0.7981651376146789,-0.0172018348623853,0.978448275862069
42,1200,sst2+boolq,boolq,task_arithmetic,0.6015,0.6745,-0.0729999999999999,0.8917716827279467
42,1200,sst2+boolq,sst2,tensorwise_ties,0.7740825688073395,0.7981651376146789,-0.0240825688073393,0.9698275862068966
42,1200,sst2+boolq,boolq,tensorwise_ties,0.63,0.6745,-0.0444999999999999,0.9340252038547072
42,1200,sst2+boolq,sst2,global_ties,0.7855504587155964,0.7981651376146789,-0.0126146788990825,0.9841954022988506
42,1200,sst2+boolq,boolq,global_ties,0.572,0.6745,-0.1025,0.8480355819125277
42,1200,sst2+boolq,sst2,projection_balanced,0.7591743119266054,0.7981651376146789,-0.0389908256880734,0.9511494252873562
42,1200,sst2+boolq,boolq,projection_balanced,0.632,0.6745,-0.0424999999999999,0.9369903632320238
42,1200,imdb+mrpc,imdb,mean,0.7,0.821,-0.121,0.8526187576126675
42,1200,imdb+mrpc,mrpc,mean,0.8244047619047619,0.8497576736672051,-0.0253529117624432,0.9701645391997104
42,1200,imdb+mrpc,imdb,task_arithmetic,0.6855,0.821,-0.1354999999999999,0.8349573690621194
42,1200,imdb+mrpc,mrpc,task_arithmetic,0.8187702265372169,0.8497576736672051,-0.0309874471299882,0.9635337837006412
42,1200,imdb+mrpc,imdb,tensorwise_ties,0.7715,0.821,-0.0494999999999999,0.9397076735688186
42,1200,imdb+mrpc,mrpc,tensorwise_ties,0.8253012048192772,0.8497576736672051,-0.0244564688479279,0.971219478675157
42,1200,imdb+mrpc,imdb,global_ties,0.723,0.821,-0.0979999999999999,0.8806333739342266
42,1200,imdb+mrpc,mrpc,global_ties,0.8291925465838509,0.8497576736672051,-0.0205651270833542,0.9757988333372696
42,1200,imdb+mrpc,imdb,projection_balanced,0.7015,0.821,-0.1194999999999999,0.8544457978075518
42,1200,imdb+mrpc,mrpc,projection_balanced,0.8231797919762258,0.8497576736672051,-0.0265778816909793,0.9687229871355204
42,1200,imdb+rte,imdb,mean,0.64,0.821,-0.1809999999999999,0.779537149817296
42,1200,imdb+rte,rte,mean,0.5487364620938628,0.6209386281588448,-0.0722021660649819,0.8837209302325582
42,1200,imdb+rte,imdb,task_arithmetic,0.6285,0.821,-0.1925,0.7655298416565164
42,1200,imdb+rte,rte,task_arithmetic,0.5306859205776173,0.6209386281588448,-0.0902527075812275,0.8546511627906976
42,1200,imdb+rte,imdb,tensorwise_ties,0.6155,0.821,-0.2054999999999999,0.7496954933008527
42,1200,imdb+rte,rte,tensorwise_ties,0.5342960288808665,0.6209386281588448,-0.0866425992779783,0.8604651162790697
42,1200,imdb+rte,imdb,global_ties,0.6355,0.821,-0.1855,0.7740560292326432
42,1200,imdb+rte,rte,global_ties,0.5090252707581228,0.6209386281588448,-0.111913357400722,0.819767441860465
42,1200,imdb+rte,imdb,projection_balanced,0.6405,0.821,-0.1805,0.7801461632155907
42,1200,imdb+rte,rte,projection_balanced,0.5487364620938628,0.6209386281588448,-0.0722021660649819,0.8837209302325582
42,1200,imdb+cola,imdb,mean,0.7325,0.821,-0.0884999999999999,0.8922046285018271
42,1200,imdb+cola,cola,mean,-0.0549325102965775,0.1095279972180267,-0.1644605075146042,-0.5015385261471436
42,1200,imdb+cola,imdb,task_arithmetic,0.7825,0.821,-0.0384999999999999,0.9531059683313032
42,1200,imdb+cola,cola,task_arithmetic,0.035694888150551,0.1095279972180267,-0.0738331090674757,0.325897387491681
42,1200,imdb+cola,imdb,tensorwise_ties,0.7575,0.821,-0.0635,0.9226552984165652
42,1200,imdb+cola,cola,tensorwise_ties,0.0309626052240108,0.1095279972180267,-0.0785653919940158,0.2826912388654076
42,1200,imdb+cola,imdb,global_ties,0.778,0.821,-0.0429999999999999,0.9476248477466506
42,1200,imdb+cola,cola,global_ties,0.0042962058184623,0.1095279972180267,-0.1052317913995643,0.0392247272622938
42,1200,imdb+cola,imdb,projection_balanced,0.7405,0.821,-0.0804999999999999,0.9019488428745434
42,1200,imdb+cola,cola,projection_balanced,-0.0587536865652309,0.1095279972180267,-0.1682816837832576,-0.5364261929146359
42,1200,imdb+boolq,imdb,mean,0.687,0.821,-0.1339999999999999,0.8367844092570038
42,1200,imdb+boolq,boolq,mean,0.63,0.6745,-0.0444999999999999,0.9340252038547072
42,1200,imdb+boolq,imdb,task_arithmetic,0.735,0.821,-0.0859999999999999,0.8952496954933009
42,1200,imdb+boolq,boolq,task_arithmetic,0.6305,0.6745,-0.044,0.9347664936990364
42,1200,imdb+boolq,imdb,tensorwise_ties,0.789,0.821,-0.0319999999999999,0.9610231425091352
42,1200,imdb+boolq,boolq,tensorwise_ties,0.625,0.6745,-0.0494999999999999,0.926612305411416
42,1200,imdb+boolq,imdb,global_ties,0.782,0.821,-0.0389999999999999,0.9524969549330086
42,1200,imdb+boolq,boolq,global_ties,0.622,0.6745,-0.0524999999999999,0.9221645663454412
42,1200,imdb+boolq,imdb,projection_balanced,0.69,0.821,-0.131,0.8404384896467723
42,1200,imdb+boolq,boolq,projection_balanced,0.63,0.6745,-0.0444999999999999,0.9340252038547072
42,1200,mrpc+rte,mrpc,mean,0.7757166947723441,0.8497576736672051,-0.074040978894861,0.9128681255971122
42,1200,mrpc+rte,rte,mean,0.5848375451263538,0.6209386281588448,-0.036101083032491,0.941860465116279
42,1200,mrpc+rte,mrpc,task_arithmetic,0.8096,0.8497576736672051,-0.0401576736672051,0.952742205323194
42,1200,mrpc+rte,rte,task_arithmetic,0.5523465703971119,0.6209386281588448,-0.0685920577617329,0.8895348837209301
42,1200,mrpc+rte,mrpc,tensorwise_ties,0.8006430868167203,0.8497576736672051,-0.0491145868504848,0.9422016553983836
42,1200,mrpc+rte,rte,tensorwise_ties,0.5776173285198556,0.6209386281588448,-0.0433212996389892,0.9302325581395348
42,1200,mrpc+rte,mrpc,global_ties,0.7908496732026143,0.8497576736672051,-0.0589080004645907,0.9306767066776014
42,1200,mrpc+rte,rte,global_ties,0.5956678700361011,0.6209386281588448,-0.0252707581227437,0.9593023255813952
42,1200,mrpc+rte,mrpc,projection_balanced,0.7757166947723441,0.8497576736672051,-0.074040978894861,0.9128681255971122
42,1200,mrpc+rte,rte,projection_balanced,0.5848375451263538,0.6209386281588448,-0.036101083032491,0.941860465116279
42,1200,mrpc+cola,mrpc,mean,0.8231797919762258,0.8497576736672051,-0.0265778816909793,0.9687229871355204
42,1200,mrpc+cola,cola,mean,0.0389319063671314,0.1095279972180267,-0.0705960908508952,0.3554516411875358
42,1200,mrpc+cola,mrpc,task_arithmetic,0.8292682926829268,0.8497576736672051,-0.0204893809842783,0.9758879718074748
42,1200,mrpc+cola,cola,task_arithmetic,0.1289378797531723,0.1095279972180267,0.0194098825351456,1.1772138907690266
42,1200,mrpc+cola,mrpc,tensorwise_ties,0.8293413173652695,0.8497576736672051,-0.0204163563019356,0.9759739076979124
42,1200,mrpc+cola,cola,tensorwise_ties,0.0669169409752982,0.1095279972180267,-0.0426110562427284,0.6109574051837469
42,1200,mrpc+cola,mrpc,global_ties,0.8328267477203647,0.8497576736672051,-0.0169309259468404,0.9800755833439272
42,1200,mrpc+cola,cola,global_ties,0.1233493920150835,0.1095279972180267,0.0138213947970568,1.126190518845551
42,1200,mrpc+cola,mrpc,projection_balanced,0.8231797919762258,0.8497576736672051,-0.0265778816909793,0.9687229871355204
42,1200,mrpc+cola,cola,projection_balanced,0.0389319063671314,0.1095279972180267,-0.0705960908508952,0.3554516411875358
42,1200,mrpc+boolq,mrpc,mean,0.8238805970149253,0.8497576736672051,-0.0258770766522797,0.9695476987685148
42,1200,mrpc+boolq,boolq,mean,0.626,0.6745,-0.0484999999999999,0.928094885100074
42,1200,mrpc+boolq,mrpc,task_arithmetic,0.838006230529595,0.8497576736672051,-0.0117514431376101,0.9861708302239912
42,1200,mrpc+boolq,boolq,task_arithmetic,0.635,0.6745,-0.0394999999999999,0.9414381022979984
42,1200,mrpc+boolq,mrpc,tensorwise_ties,0.8288288288288288,0.8497576736672051,-0.0209288448383763,0.975370808070428
42,1200,mrpc+boolq,boolq,tensorwise_ties,0.6285,0.6745,-0.046,0.9318013343217196
42,1200,mrpc+boolq,mrpc,global_ties,0.838006230529595,0.8497576736672051,-0.0117514431376101,0.9861708302239912
42,1200,mrpc+boolq,boolq,global_ties,0.629,0.6745,-0.0454999999999999,0.9325426241660488
42,1200,mrpc+boolq,mrpc,projection_balanced,0.8238805970149253,0.8497576736672051,-0.0258770766522797,0.9695476987685148
42,1200,mrpc+boolq,boolq,projection_balanced,0.626,0.6745,-0.0484999999999999,0.928094885100074
42,1200,rte+cola,rte,mean,0.6101083032490975,0.6209386281588448,-0.0108303249097473,0.9825581395348836
42,1200,rte+cola,cola,mean,0.0463559874942472,0.1095279972180267,-0.0631720097237795,0.4232341380439089
42,1200,rte+cola,rte,task_arithmetic,0.6245487364620939,0.6209386281588448,0.003610108303249,1.005813953488372
42,1200,rte+cola,cola,task_arithmetic,0.0238665943891975,0.1095279972180267,-0.0856614028288291,0.2179040518899351
42,1200,rte+cola,rte,tensorwise_ties,0.6028880866425993,0.6209386281588448,-0.0180505415162455,0.9709302325581396
42,1200,rte+cola,cola,tensorwise_ties,0.0463559874942472,0.1095279972180267,-0.0631720097237795,0.4232341380439089
42,1200,rte+cola,rte,global_ties,0.6101083032490975,0.6209386281588448,-0.0108303249097473,0.9825581395348836
42,1200,rte+cola,cola,global_ties,0.0274089460285386,0.1095279972180267,-0.0821190511894881,0.2502460258994629
42,1200,rte+cola,rte,projection_balanced,0.6101083032490975,0.6209386281588448,-0.0108303249097473,0.9825581395348836
42,1200,rte+cola,cola,projection_balanced,0.0463559874942472,0.1095279972180267,-0.0631720097237795,0.4232341380439089
42,1200,rte+boolq,rte,mean,0.592057761732852,0.6209386281588448,-0.0288808664259928,0.9534883720930232
42,1200,rte+boolq,boolq,mean,0.6095,0.6745,-0.0649999999999999,0.9036323202372128
42,1200,rte+boolq,rte,task_arithmetic,0.592057761732852,0.6209386281588448,-0.0288808664259928,0.9534883720930232
42,1200,rte+boolq,boolq,task_arithmetic,0.62,0.6745,-0.0544999999999999,0.9191994069681244
42,1200,rte+boolq,rte,tensorwise_ties,0.592057761732852,0.6209386281588448,-0.0288808664259928,0.9534883720930232
42,1200,rte+boolq,boolq,tensorwise_ties,0.6105,0.6745,-0.0639999999999999,0.9051148999258712
42,1200,rte+boolq,rte,global_ties,0.5812274368231047,0.6209386281588448,-0.03971119133574,0.936046511627907
42,1200,rte+boolq,boolq,global_ties,0.6125,0.6745,-0.0619999999999999,0.9080800593031876
42,1200,rte+boolq,rte,projection_balanced,0.592057761732852,0.6209386281588448,-0.0288808664259928,0.9534883720930232
42,1200,rte+boolq,boolq,projection_balanced,0.6095,0.6745,-0.0649999999999999,0.9036323202372128
42,1200,cola+boolq,cola,mean,-0.020702674026557,0.1095279972180267,-0.1302306712445837,-0.18901718786427
42,1200,cola+boolq,boolq,mean,0.6355,0.6745,-0.039,0.9421793921423276
42,1200,cola+boolq,cola,task_arithmetic,0.095941565288505,0.1095279972180267,-0.0135864319295216,0.8759547122688963
42,1200,cola+boolq,boolq,task_arithmetic,0.654,0.6745,-0.0204999999999999,0.9696071163825056
42,1200,cola+boolq,cola,tensorwise_ties,0.0049697539502295,0.1095279972180267,-0.1045582432677972,0.0453742794213311
42,1200,cola+boolq,boolq,tensorwise_ties,0.6315,0.6745,-0.043,0.9362490733876946
42,1200,cola+boolq,cola,global_ties,0.0858548278587872,0.1095279972180267,-0.0236731693592394,0.7838619352080766
42,1200,cola+boolq,boolq,global_ties,0.648,0.6745,-0.0264999999999999,0.960711638250556
42,1200,cola+boolq,cola,projection_balanced,-0.020702674026557,0.1095279972180267,-0.1302306712445837,-0.18901718786427
42,1200,cola+boolq,boolq,projection_balanced,0.635,0.6745,-0.0394999999999999,0.9414381022979984
7,1200,sst2+imdb,sst2,mean,0.7912844036697247,0.7947247706422018,-0.003440366972477,0.9956709956709956
7,1200,sst2+imdb,imdb,mean,0.778,0.821,-0.0429999999999999,0.9476248477466506
7,1200,sst2+imdb,sst2,task_arithmetic,0.7993119266055045,0.7947247706422018,0.0045871559633027,1.0057720057720057
7,1200,sst2+imdb,imdb,task_arithmetic,0.8025,0.821,-0.0184999999999999,0.9774665042630938
7,1200,sst2+imdb,sst2,tensorwise_ties,0.7958715596330275,0.7947247706422018,0.0011467889908256,1.0014430014430014
7,1200,sst2+imdb,imdb,tensorwise_ties,0.772,0.821,-0.0489999999999999,0.9403166869671132
7,1200,sst2+imdb,sst2,global_ties,0.801605504587156,0.7947247706422018,0.0068807339449541,1.0086580086580086
7,1200,sst2+imdb,imdb,global_ties,0.77,0.821,-0.0509999999999999,0.9378806333739343
7,1200,sst2+imdb,sst2,projection_balanced,0.7912844036697247,0.7947247706422018,-0.003440366972477,0.9956709956709956
7,1200,sst2+imdb,imdb,projection_balanced,0.781,0.821,-0.0399999999999999,0.9512789281364192
7,1200,sst2+mrpc,sst2,mean,0.713302752293578,0.7947247706422018,-0.0814220183486238,0.8975468975468975
7,1200,sst2+mrpc,mrpc,mean,0.8361408882082695,0.8472440944881889,-0.0111032062799194,0.9868949145209128
7,1200,sst2+mrpc,sst2,task_arithmetic,0.7522935779816514,0.7947247706422018,-0.0424311926605504,0.9466089466089468
7,1200,sst2+mrpc,mrpc,task_arithmetic,0.7692307692307693,0.8472440944881889,-0.0780133252574196,0.9079210752073208
7,1200,sst2+mrpc,sst2,tensorwise_ties,0.7649082568807339,0.7947247706422018,-0.0298165137614678,0.9624819624819624
7,1200,sst2+mrpc,mrpc,tensorwise_ties,0.8330683624801272,0.8472440944881889,-0.0141757320080617,0.9832684203994068
7,1200,sst2+mrpc,sst2,global_ties,0.7740825688073395,0.7947247706422018,-0.0206422018348623,0.974025974025974
7,1200,sst2+mrpc,mrpc,global_ties,0.7533460803059273,0.8472440944881889,-0.0938980141822616,0.8891724182049514
7,1200,sst2+mrpc,sst2,projection_balanced,0.7178899082568807,0.7947247706422018,-0.0768348623853211,0.9033189033189032
7,1200,sst2+mrpc,mrpc,projection_balanced,0.8361408882082695,0.8472440944881889,-0.0111032062799194,0.9868949145209128
7,1200,sst2+rte,sst2,mean,0.6444954128440367,0.7947247706422018,-0.1502293577981651,0.8109668109668109
7,1200,sst2+rte,rte,mean,0.555956678700361,0.6137184115523465,-0.0577617328519854,0.9058823529411766
7,1200,sst2+rte,sst2,task_arithmetic,0.6307339449541285,0.7947247706422018,-0.1639908256880733,0.7936507936507937
7,1200,sst2+rte,rte,task_arithmetic,0.5234657039711191,0.6137184115523465,-0.0902527075812273,0.8529411764705883
7,1200,sst2+rte,sst2,tensorwise_ties,0.6559633027522935,0.7947247706422018,-0.1387614678899082,0.8253968253968254
7,1200,sst2+rte,rte,tensorwise_ties,0.5740072202166066,0.6137184115523465,-0.0397111913357399,0.9352941176470588
7,1200,sst2+rte,sst2,global_ties,0.6720183486238532,0.7947247706422018,-0.1227064220183485,0.8455988455988457
7,1200,sst2+rte,rte,global_ties,0.5703971119133574,0.6137184115523465,-0.0433212996389891,0.9294117647058824
7,1200,sst2+rte,sst2,projection_balanced,0.6444954128440367,0.7947247706422018,-0.1502293577981651,0.8109668109668109
7,1200,sst2+rte,rte,projection_balanced,0.5595667870036101,0.6137184115523465,-0.0541516245487364,0.9117647058823528
7,1200,sst2+cola,sst2,mean,0.7006880733944955,0.7947247706422018,-0.0940366972477063,0.8816738816738817
7,1200,sst2+cola,cola,mean,0.0962278279914339,0.1433680897796876,-0.0471402617882536,0.6711941837218195
7,1200,sst2+cola,sst2,task_arithmetic,0.7373853211009175,0.7947247706422018,-0.0573394495412843,0.927849927849928
7,1200,sst2+cola,cola,task_arithmetic,0.1143502257167284,0.1433680897796876,-0.0290178640629592,0.7975988652178411
7,1200,sst2+cola,sst2,tensorwise_ties,0.7614678899082569,0.7947247706422018,-0.0332568807339449,0.9581529581529582
7,1200,sst2+cola,cola,tensorwise_ties,0.1245282638114468,0.1433680897796876,-0.0188398259682408,0.8685912186094423
7,1200,sst2+cola,sst2,global_ties,0.7706422018348624,0.7947247706422018,-0.0240825688073393,0.9696969696969696
7,1200,sst2+cola,cola,global_ties,0.1211944776408824,0.1433680897796876,-0.0221736121388052,0.8453378839539594
7,1200,sst2+cola,sst2,projection_balanced,0.6995412844036697,0.7947247706422018,-0.0951834862385321,0.8802308802308803
7,1200,sst2+cola,cola,projection_balanced,0.0838884796468092,0.1433680897796876,-0.0594796101328783,0.58512657716037
7,1200,sst2+boolq,sst2,mean,0.7431192660550459,0.7947247706422018,-0.0516055045871559,0.935064935064935
7,1200,sst2+boolq,boolq,mean,0.629,0.6835,-0.0544999999999999,0.9202633504023408
7,1200,sst2+boolq,sst2,task_arithmetic,0.7717889908256881,0.7947247706422018,-0.0229357798165137,0.9711399711399712
7,1200,sst2+boolq,boolq,task_arithmetic,0.6275,0.6835,-0.056,0.9180687637161667
7,1200,sst2+boolq,sst2,tensorwise_ties,0.7706422018348624,0.7947247706422018,-0.0240825688073393,0.9696969696969696
7,1200,sst2+boolq,boolq,tensorwise_ties,0.632,0.6835,-0.0514999999999999,0.9246525237746892
7,1200,sst2+boolq,sst2,global_ties,0.7798165137614679,0.7947247706422018,-0.0149082568807339,0.9812409812409812
7,1200,sst2+boolq,boolq,global_ties,0.595,0.6835,-0.0885,0.8705193855157278
7,1200,sst2+boolq,sst2,projection_balanced,0.7431192660550459,0.7947247706422018,-0.0516055045871559,0.935064935064935
7,1200,sst2+boolq,boolq,projection_balanced,0.629,0.6835,-0.0544999999999999,0.9202633504023408
7,1200,imdb+mrpc,imdb,mean,0.73,0.821,-0.0909999999999999,0.8891595615103532
7,1200,imdb+mrpc,mrpc,mean,0.826151560178306,0.8472440944881889,-0.0210925343098828,0.975104536641681
7,1200,imdb+mrpc,imdb,task_arithmetic,0.79,0.821,-0.0309999999999999,0.9622411693057248
7,1200,imdb+mrpc,mrpc,task_arithmetic,0.8317757009345794,0.8472440944881889,-0.0154683935536095,0.981742695341
7,1200,imdb+mrpc,imdb,tensorwise_ties,0.7745,0.821,-0.0464999999999999,0.9433617539585872
7,1200,imdb+mrpc,mrpc,tensorwise_ties,0.8293413173652695,0.8472440944881889,-0.0179027771229194,0.9788693987489706
7,1200,imdb+mrpc,imdb,global_ties,0.788,0.821,-0.0329999999999999,0.9598051157125458
7,1200,imdb+mrpc,mrpc,global_ties,0.8251533742331288,0.8472440944881889,-0.02209072025506,0.9739263803680982
7,1200,imdb+mrpc,imdb,projection_balanced,0.7375,0.821,-0.0834999999999999,0.8982947624847748
7,1200,imdb+mrpc,mrpc,projection_balanced,0.826151560178306,0.8472440944881889,-0.0210925343098828,0.975104536641681
7,1200,imdb+rte,imdb,mean,0.7065,0.821,-0.1144999999999999,0.8605359317904995
7,1200,imdb+rte,rte,mean,0.4909747292418772,0.6137184115523465,-0.1227436823104692,0.8
7,1200,imdb+rte,imdb,task_arithmetic,0.6795,0.821,-0.1414999999999999,0.8276492082825823
7,1200,imdb+rte,rte,task_arithmetic,0.4909747292418772,0.6137184115523465,-0.1227436823104692,0.8
7,1200,imdb+rte,imdb,tensorwise_ties,0.7115,0.821,-0.1094999999999999,0.8666260657734471
7,1200,imdb+rte,rte,tensorwise_ties,0.5054151624548736,0.6137184115523465,-0.1083032490974729,0.8235294117647058
7,1200,imdb+rte,imdb,global_ties,0.702,0.821,-0.119,0.8550548112058465
7,1200,imdb+rte,rte,global_ties,0.4981949458483754,0.6137184115523465,-0.1155234657039711,0.8117647058823529
7,1200,imdb+rte,imdb,projection_balanced,0.707,0.821,-0.1139999999999999,0.8611449451887941
7,1200,imdb+rte,rte,projection_balanced,0.4909747292418772,0.6137184115523465,-0.1227436823104692,0.8
7,1200,imdb+cola,imdb,mean,0.748,0.821,-0.0729999999999999,0.9110840438489648
7,1200,imdb+cola,cola,mean,0.0409497076490148,0.1433680897796876,-0.1024183821306727,0.2856263741251062
7,1200,imdb+cola,imdb,task_arithmetic,0.766,0.821,-0.0549999999999999,0.9330085261875762
7,1200,imdb+cola,cola,task_arithmetic,0.0609579105577956,0.1433680897796876,-0.0824101792218919,0.4251846463984356
7,1200,imdb+cola,imdb,tensorwise_ties,0.784,0.821,-0.0369999999999999,0.9549330085261876
7,1200,imdb+cola,cola,tensorwise_ties,0.0549964090166534,0.1433680897796876,-0.0883716807630342,0.3836028582173749
7,1200,imdb+cola,imdb,global_ties,0.7865,0.821,-0.0344999999999999,0.9579780755176616
7,1200,imdb+cola,cola,global_ties,0.0734170744567311,0.1433680897796876,-0.0699510153229565,0.512087972780766
7,1200,imdb+cola,imdb,projection_balanced,0.7525,0.821,-0.0685,0.9165651644336176
7,1200,imdb+cola,cola,projection_balanced,0.0525871266929271,0.1433680897796876,-0.0907809630867605,0.3667979867328724
7,1200,imdb+boolq,imdb,mean,0.728,0.821,-0.0929999999999999,0.8867235079171742
7,1200,imdb+boolq,boolq,mean,0.635,0.6835,-0.0484999999999999,0.9290416971470372
7,1200,imdb+boolq,imdb,task_arithmetic,0.775,0.821,-0.0459999999999999,0.943970767356882
7,1200,imdb+boolq,boolq,task_arithmetic,0.6405,0.6835,-0.043,0.9370885149963424
7,1200,imdb+boolq,imdb,tensorwise_ties,0.7755,0.821,-0.0454999999999999,0.9445797807551768
7,1200,imdb+boolq,boolq,tensorwise_ties,0.6355,0.6835,-0.048,0.9297732260424286
7,1200,imdb+boolq,imdb,global_ties,0.7855,0.821,-0.0354999999999999,0.956760048721072
7,1200,imdb+boolq,boolq,global_ties,0.636,0.6835,-0.0474999999999999,0.93050475493782
7,1200,imdb+boolq,imdb,projection_balanced,0.728,0.821,-0.0929999999999999,0.8867235079171742
7,1200,imdb+boolq,boolq,projection_balanced,0.635,0.6835,-0.0484999999999999,0.9290416971470372
7,1200,mrpc+rte,mrpc,mean,0.8215892053973014,0.8472440944881889,-0.0256548890908875,0.96971960116596
7,1200,mrpc+rte,rte,mean,0.5487364620938628,0.6137184115523465,-0.0649819494584836,0.8941176470588237
7,1200,mrpc+rte,mrpc,task_arithmetic,0.7770700636942676,0.8472440944881889,-0.0701740307939213,0.9171737740629368
7,1200,mrpc+rte,rte,task_arithmetic,0.5342960288808665,0.6137184115523465,-0.07942238267148,0.8705882352941178
7,1200,mrpc+rte,mrpc,tensorwise_ties,0.7675507020280812,0.8472440944881889,-0.0796933924601077,0.90593809625991
7,1200,mrpc+rte,rte,tensorwise_ties,0.5523465703971119,0.6137184115523465,-0.0613718411552346,0.9
7,1200,mrpc+rte,mrpc,global_ties,0.6678321678321678,0.8472440944881889,-0.1794119266560211,0.7882405698390829
7,1200,mrpc+rte,rte,global_ties,0.5487364620938628,0.6137184115523465,-0.0649819494584836,0.8941176470588237
7,1200,mrpc+rte,mrpc,projection_balanced,0.8203592814371258,0.8472440944881889,-0.0268848130510631,0.9682679251163102
7,1200,mrpc+rte,rte,projection_balanced,0.5487364620938628,0.6137184115523465,-0.0649819494584836,0.8941176470588237
7,1200,mrpc+cola,mrpc,mean,0.8169838945827232,0.8472440944881889,-0.0302601999054656,0.9642839647955934
7,1200,mrpc+cola,cola,mean,0.1594356681002393,0.1433680897796876,0.0160675783205516,1.1120722075968408
7,1200,mrpc+cola,mrpc,task_arithmetic,0.8193832599118943,0.8472440944881889,-0.0278608345762946,0.9671159294499124
7,1200,mrpc+cola,cola,task_arithmetic,0.1902400079563045,0.1433680897796876,0.0468719181766169,1.3269341054110757
7,1200,mrpc+cola,mrpc,tensorwise_ties,0.8181818181818182,0.8472440944881889,-0.0290622763063707,0.965697870902332
7,1200,mrpc+cola,cola,tensorwise_ties,0.1829830955510605,0.1433680897796876,0.0396150057713728,1.2763167580195065
7,1200,mrpc+cola,mrpc,global_ties,0.8169838945827232,0.8472440944881889,-0.0302601999054656,0.9642839647955934
7,1200,mrpc+cola,cola,global_ties,0.1833628056378422,0.1433680897796876,0.0399947158581545,1.2789652559339673
7,1200,mrpc+cola,mrpc,projection_balanced,0.8157894736842105,0.8472440944881889,-0.0314546208039784,0.9628741929172372
7,1200,mrpc+cola,cola,projection_balanced,0.1608216721911431,0.1433680897796876,0.0174535824114555,1.1217396593501123
7,1200,mrpc+boolq,mrpc,mean,0.8205882352941176,0.8472440944881889,-0.0266558591940713,0.9685381587579268
7,1200,mrpc+boolq,boolq,mean,0.606,0.6835,-0.0775,0.8866130212143379
7,1200,mrpc+boolq,mrpc,task_arithmetic,0.8294930875576036,0.8472440944881889,-0.0177510069305852,0.9790485327120416
7,1200,mrpc+boolq,boolq,task_arithmetic,0.608,0.6835,-0.0755,0.8895391367959035
7,1200,mrpc+boolq,mrpc,tensorwise_ties,0.827893175074184,0.8472440944881889,-0.0193509194140049,0.9771601601712024
7,1200,mrpc+boolq,boolq,tensorwise_ties,0.6175,0.6835,-0.0659999999999999,0.9034381858083396
7,1200,mrpc+boolq,mrpc,global_ties,0.8280060882800608,0.8472440944881889,-0.0192380062081281,0.9772934313342726
7,1200,mrpc+boolq,boolq,global_ties,0.5915,0.6835,-0.0919999999999999,0.8653986832479883
7,1200,mrpc+boolq,mrpc,projection_balanced,0.8205882352941176,0.8472440944881889,-0.0266558591940713,0.9685381587579268
7,1200,mrpc+boolq,boolq,projection_balanced,0.6085,0.6835,-0.0749999999999999,0.8902706656912949
7,1200,rte+cola,rte,mean,0.5342960288808665,0.6137184115523465,-0.07942238267148,0.8705882352941178
7,1200,rte+cola,cola,mean,0.0040519133483629,0.1433680897796876,-0.1393161764313246,0.0282623096575362
7,1200,rte+cola,rte,task_arithmetic,0.5342960288808665,0.6137184115523465,-0.07942238267148,0.8705882352941178
7,1200,rte+cola,cola,task_arithmetic,0.1010239793059234,0.1433680897796876,-0.0423441104737641,0.7046475925093656
7,1200,rte+cola,rte,tensorwise_ties,0.516245487364621,0.6137184115523465,-0.0974729241877255,0.8411764705882354
7,1200,rte+cola,cola,tensorwise_ties,0.0194397743470324,0.1433680897796876,-0.1239283154326552,0.1355934530264393
7,1200,rte+cola,rte,global_ties,0.5415162454873647,0.6137184115523465,-0.0722021660649818,0.8823529411764707
7,1200,rte+cola,cola,global_ties,0.0852382308519829,0.1433680897796876,-0.0581298589277047,0.5945411631205222
7,1200,rte+cola,rte,projection_balanced,0.5306859205776173,0.6137184115523465,-0.0830324909747292,0.8647058823529412
7,1200,rte+cola,cola,projection_balanced,0.0040519133483629,0.1433680897796876,-0.1393161764313246,0.0282623096575362
7,1200,rte+boolq,rte,mean,0.5379061371841155,0.6137184115523465,-0.075812274368231,0.8764705882352941
7,1200,rte+boolq,boolq,mean,0.6305,0.6835,-0.053,0.922457937088515
7,1200,rte+boolq,rte,task_arithmetic,0.5234657039711191,0.6137184115523465,-0.0902527075812273,0.8529411764705883
7,1200,rte+boolq,boolq,task_arithmetic,0.6205,0.6835,-0.0629999999999999,0.9078273591806876
7,1200,rte+boolq,rte,tensorwise_ties,0.5523465703971119,0.6137184115523465,-0.0613718411552346,0.9
7,1200,rte+boolq,boolq,tensorwise_ties,0.6195,0.6835,-0.0639999999999999,0.906364301389905
7,1200,rte+boolq,rte,global_ties,0.5740072202166066,0.6137184115523465,-0.0397111913357399,0.9352941176470588
7,1200,rte+boolq,boolq,global_ties,0.6125,0.6835,-0.0709999999999999,0.8961228968544258
7,1200,rte+boolq,rte,projection_balanced,0.5379061371841155,0.6137184115523465,-0.075812274368231,0.8764705882352941
7,1200,rte+boolq,boolq,projection_balanced,0.6305,0.6835,-0.053,0.922457937088515
7,1200,cola+boolq,cola,mean,0.0949166901963462,0.1433680897796876,-0.0484513995833413,0.6620489283368693
7,1200,cola+boolq,boolq,mean,0.639,0.6835,-0.0444999999999999,0.9348939283101684
7,1200,cola+boolq,cola,task_arithmetic,0.1431693477961299,0.1433680897796876,-0.0001987419835576,0.9986137641656306
7,1200,cola+boolq,boolq,task_arithmetic,0.656,0.6835,-0.0274999999999999,0.9597659107534748
7,1200,cola+boolq,cola,tensorwise_ties,0.1655872484718657,0.1433680897796876,0.022219158692178,1.1549798056619296
7,1200,cola+boolq,boolq,tensorwise_ties,0.6455,0.6835,-0.038,0.944403803950256
7,1200,cola+boolq,cola,global_ties,0.1348772612288628,0.1433680897796876,-0.0084908285508248,0.9407760223082232
7,1200,cola+boolq,boolq,global_ties,0.643,0.6835,-0.0404999999999999,0.9407461594732992
7,1200,cola+boolq,cola,projection_balanced,0.1013198897953398,0.1433680897796876,-0.0420481999843477,0.7067115838052747
7,1200,cola+boolq,boolq,projection_balanced,0.6415,0.6835,-0.042,0.9385515727871252
