seed,pair,cosine_similarity,sign_agreement
123,sst2+imdb,0.342382937669754,0.6875138878822327
123,sst2+mrpc,0.0827632769942283,0.7084077000617981
123,sst2+rte,0.0426033176481723,0.6960546970367432
123,sst2+cola,0.0293724872171878,0.7316024899482727
123,sst2+boolq,0.0620435327291488,0.6247797012329102
123,imdb+mrpc,0.0604383833706378,0.6516485810279846
123,imdb+rte,0.0361918620765209,0.6471968293190002
123,imdb+cola,0.0408079624176025,0.6584453582763672
123,imdb+boolq,0.0645563155412674,0.6088448166847229
123,mrpc+rte,-0.0067152073606848,0.713728129863739
123,mrpc+cola,0.0584711134433746,0.7437687516212463
123,mrpc+boolq,0.0564151480793952,0.6318695545196533
123,rte+cola,0.0407506488263607,0.7293506264686584
123,rte+boolq,-0.0045078042894601,0.6218093633651733
123,cola+boolq,0.0239134076982736,0.6308220624923706
42,sst2+imdb,0.3020677268505096,0.6816548109054565
42,sst2+mrpc,0.0397128798067569,0.705312192440033
42,sst2+rte,0.0055149132385849,0.6931626796722412
42,sst2+cola,0.0205146167427301,0.7305932641029358
42,sst2+boolq,0.0497378930449485,0.6226402521133423
42,imdb+mrpc,0.0302034970372915,0.6500160098075867
42,imdb+rte,0.010894008912146,0.6459411978721619
42,imdb+cola,0.0405909977853298,0.658557116985321
42,imdb+boolq,0.0459829606115818,0.6053816676139832
42,mrpc+rte,0.0038698252756148,0.7143059372901917
42,mrpc+cola,0.0382894650101661,0.7422682046890259
42,mrpc+boolq,0.042788065969944,0.630641758441925
42,rte+cola,0.026544926688075,0.7269247770309448
42,rte+boolq,2.6905172489932735e-05,0.6226603388786316
42,cola+boolq,0.0297669135034084,0.631210207939148
7,sst2+imdb,0.3242377638816833,0.6858000159263611
7,sst2+mrpc,0.0832332447171211,0.7093644142150879
7,sst2+rte,0.0255358554422855,0.6941806674003601
7,sst2+cola,0.056862249970436,0.7336645126342773
7,sst2+boolq,0.0675780624151229,0.6260505318641663
7,imdb+mrpc,0.0520578026771545,0.651438295841217
7,imdb+rte,0.0218884069472551,0.6461762189865112
7,imdb+cola,0.0535548888146877,0.6605392098426819
7,imdb+boolq,0.0658936947584152,0.6099323034286499
7,mrpc+rte,-0.0175357088446617,0.7126181125640869
7,mrpc+cola,0.0483748689293861,0.7411409616470337
7,mrpc+boolq,0.0523023307323455,0.6311256289482117
7,rte+cola,0.0349821895360946,0.7277656197547913
7,rte+boolq,0.000171908410266,0.6224550008773804
7,cola+boolq,0.0610361397266387,0.63596111536026
