seed,pair,left_task,right_task,left_weight,right_weight
123,sst2+imdb,sst2,imdb,0.505780041217804,0.494219958782196
123,sst2+mrpc,sst2,mrpc,0.5324987173080444,0.4675012826919555
123,sst2+rte,sst2,rte,0.502527117729187,0.497472882270813
123,sst2+cola,sst2,cola,0.5035349130630493,0.4964650869369507
123,sst2+boolq,sst2,boolq,0.5003023147583008,0.4996976852416992
123,imdb+mrpc,imdb,mrpc,0.5221274495124817,0.4778725504875183
123,imdb+rte,imdb,rte,0.5017130970954895,0.4982869029045105
123,imdb+cola,imdb,cola,0.5044857859611511,0.4955142140388489
123,imdb+boolq,imdb,boolq,0.4995493590831756,0.5004506409168243
123,mrpc+rte,mrpc,rte,0.5019034743309021,0.4980965256690979
123,mrpc+cola,mrpc,cola,0.486289769411087,0.513710230588913
123,mrpc+boolq,mrpc,boolq,0.478963553905487,0.5210364460945129
123,rte+cola,rte,cola,0.5025140047073364,0.4974859952926636
123,rte+boolq,rte,boolq,0.5002341270446777,0.4997658729553222
123,cola+boolq,cola,boolq,0.4972540438175201,0.5027459561824799
42,sst2+imdb,sst2,imdb,0.4790909886360168,0.5209090113639832
42,sst2+mrpc,sst2,mrpc,0.5039652585983276,0.4960347414016723
42,sst2+rte,sst2,rte,0.4997888505458832,0.5002111494541168
42,sst2+cola,sst2,cola,0.5040833353996277,0.4959166646003723
42,sst2+boolq,sst2,boolq,0.5034865736961365,0.4965134263038635
42,imdb+mrpc,imdb,mrpc,0.5045326352119446,0.4954673647880554
42,imdb+rte,imdb,rte,0.5001113414764404,0.4998886585235595
42,imdb+cola,imdb,cola,0.5105143785476685,0.4894856214523315
42,imdb+boolq,imdb,boolq,0.5055753588676453,0.4944246411323547
42,mrpc+rte,mrpc,rte,0.4994760751724243,0.5005239248275757
42,mrpc+cola,mrpc,cola,0.5038003921508789,0.4961996078491211
42,mrpc+boolq,mrpc,boolq,0.4987102150917053,0.5012897849082947
42,rte+cola,rte,cola,0.5064561367034912,0.4935438632965088
42,rte+boolq,rte,boolq,0.5000028610229492,0.4999971389770508
42,cola+boolq,cola,boolq,0.4961642324924469,0.5038357675075531
7,sst2+imdb,sst2,imdb,0.4822244644165039,0.5177755355834961
7,sst2+mrpc,sst2,mrpc,0.5223392248153687,0.4776607751846313
7,sst2+rte,sst2,rte,0.4989153146743774,0.5010846853256226
7,sst2+cola,sst2,cola,0.5068556666374207,0.4931443333625793
7,sst2+boolq,sst2,boolq,0.5000331997871399,0.4999668002128601
7,imdb+mrpc,imdb,mrpc,0.5158025026321411,0.4841974973678589
7,imdb+rte,imdb,rte,0.4999021887779236,0.5000978112220764
7,imdb+cola,imdb,cola,0.5086107850074768,0.4913892149925232
7,imdb+boolq,imdb,boolq,0.5026428699493408,0.4973571300506592
7,mrpc+rte,mrpc,rte,0.5049914121627808,0.4950085878372192
7,mrpc+cola,mrpc,cola,0.4937149286270141,0.5062850713729858
7,mrpc+boolq,mrpc,boolq,0.486505389213562,0.513494610786438
7,rte+cola,rte,cola,0.5056779980659485,0.4943220019340515
7,rte+boolq,rte,boolq,0.5000072121620178,0.4999927878379822
7,cola+boolq,cola,boolq,0.4926391541957855,0.5073608458042145
