seed,pair,projection_balanced,projection_worst,baseline,baseline_worst,delta,worst_delta
7,imdb+boolq,-0.0707499999999999,-0.0929999999999999,-0.0414999999999999,-0.0474999999999999,-0.029249999999999998,-0.0455
7,imdb+mrpc,-0.052296267154941345,-0.0834999999999999,-0.02754536012752995,-0.0329999999999999,-0.024750907027411395,-0.050499999999999996
7,imdb+rte,-0.11837184115523455,-0.1227436823104692,-0.11726173285198555,-0.119,-0.0011101083032490078,-0.003743682310469204
7,mrpc+boolq,-0.0508279295970356,-0.0749999999999999,-0.055619003104064,-0.0919999999999999,0.004791073507028398,0.017
7,mrpc+rte,-0.04593338125477335,-0.0649819494584836,-0.12219693805725235,-0.1794119266560211,0.076263556802479,0.1144299771975375
7,rte+boolq,-0.0644061371841155,-0.075812274368231,-0.0553555956678699,-0.0709999999999999,-0.009050541516245604,-0.004812274368231104
7,sst2+boolq,-0.0530527522935779,-0.0544999999999999,-0.051704128440366946,-0.0885,-0.0013486238532109535,0.03400000000000009
7,sst2+imdb,-0.02172018348623845,-0.0399999999999999,-0.0220596330275229,-0.0509999999999999,0.0003394495412844499,0.011000000000000003
7,sst2+mrpc,-0.04396903433262025,-0.0768348623853211,-0.05727010800856195,-0.0938980141822616,0.013301073675941702,0.0170631517969405
7,sst2+rte,-0.10219049117345075,-0.1502293577981651,-0.0830138608286688,-0.1227064220183485,-0.019176630344781953,-0.0275229357798166
123,imdb+boolq,-0.05425,-0.0625,-0.04025,-0.0515000000000001,-0.013999999999999999,-0.010999999999999899
123,imdb+mrpc,-0.05019373219373215,-0.0909999999999999,-0.0425742835595777,-0.0695,-0.007619448634154452,-0.021499999999999894
123,imdb+rte,-0.14163086642599276,-0.2254999999999999,-0.12184657039711186,-0.1389999999999999,-0.019784296028880904,-0.0865
123,mrpc+boolq,-0.040973193473193455,-0.07,-0.03874741105888645,-0.073,-0.002225782414307008,0.002999999999999989
123,mrpc+rte,-0.06490724414655966,-0.111913357400722,-0.07646847202162649,-0.1263537906137185,0.011561227875066832,0.014440433212996484
123,rte+boolq,-0.04349548736462085,-0.0544999999999999,-0.059935920577617305,-0.0613718411552347,0.016440433212996458,0.006871841155234801
123,sst2+boolq,-0.059302752293577954,-0.067,-0.0720711009174312,-0.1235,0.012768348623853246,0.056499999999999995
123,sst2+imdb,-0.01667431192660545,-0.018348623853211,-0.0093233944954128,-0.0174999999999999,-0.0073509174311926495,-0.0008486238532110987
123,sst2+mrpc,-0.045220221844337403,-0.0825688073394496,-0.05893709461757955,-0.0903512534553426,0.013716872773242149,0.007782446115893002
123,sst2+rte,-0.10684181763985029,-0.1811926605504588,-0.07564460305368789,-0.1043577981651376,-0.031197214586162397,-0.0768348623853212
