task_a,task_b,pair,method,scale,density,eval_task,loss,accuracy,f1,primary_score,specialist_score,retained_ratio,score_delta
sst2,imdb,sst2+imdb,mean,1.0,,sst2,1.0653318166732788,0.7477064220183486,0.7684210526315789,0.7477064220183486,0.7752293577981652,0.9644970414201183,-0.02752293577981657
sst2,imdb,sst2+imdb,mean,1.0,,imdb,1.0556219816207886,0.749,0.7147727272727272,0.749,0.7725,0.96957928802589,-0.023499999999999965
sst2,imdb,sst2+imdb,task_arithmetic,0.5,,sst2,1.0653318166732788,0.7477064220183486,0.7684210526315789,0.7477064220183486,0.7752293577981652,0.9644970414201183,-0.02752293577981657
sst2,imdb,sst2+imdb,task_arithmetic,0.5,,imdb,1.0556219816207886,0.749,0.7147727272727272,0.749,0.7725,0.96957928802589,-0.023499999999999965
sst2,imdb,sst2+imdb,task_arithmetic,0.75,,sst2,1.0131556987762451,0.7614678899082569,0.7819706498951782,0.7614678899082569,0.7752293577981652,0.9822485207100591,-0.013761467889908285
sst2,imdb,sst2+imdb,task_arithmetic,0.75,,imdb,0.9689599871635437,0.7725,0.7643707923355775,0.7725,0.7725,1.0,0.0
sst2,imdb,sst2+imdb,task_arithmetic,1.0,,sst2,1.0844296216964722,0.7568807339449541,0.7854251012145749,0.7568807339449541,0.7752293577981652,0.9763313609467456,-0.01834862385321101
sst2,imdb,sst2+imdb,task_arithmetic,1.0,,imdb,0.9979434609413147,0.768,0.7800947867298578,0.768,0.7725,0.9941747572815535,-0.0044999999999999485
sst2,imdb,sst2+imdb,ties,0.5,0.1,sst2,1.3225820064544678,0.5344036697247706,0.6842923794712286,0.5344036697247706,0.7752293577981652,0.6893491124260355,-0.24082568807339455
sst2,imdb,sst2+imdb,ties,0.5,0.1,imdb,1.3472726345062256,0.5265,0.6775621382362955,0.5265,0.7725,0.6815533980582524,-0.246
sst2,imdb,sst2+imdb,ties,0.75,0.1,sst2,1.2565903663635254,0.625,0.7240506329113924,0.625,0.7752293577981652,0.8062130177514792,-0.15022935779816515
sst2,imdb,sst2+imdb,ties,0.75,0.1,imdb,1.2550959587097168,0.655,0.7323506594259116,0.655,0.7725,0.8478964401294499,-0.11749999999999994
sst2,imdb,sst2+imdb,ties,1.0,0.1,sst2,1.1839929819107056,0.6823394495412844,0.7470319634703196,0.6823394495412844,0.7752293577981652,0.8801775147928994,-0.0928899082568807
sst2,imdb,sst2+imdb,ties,1.0,0.1,imdb,1.1532400846481323,0.74,0.7666068222621185,0.74,0.7725,0.9579288025889968,-0.03249999999999997
sst2,imdb,sst2+imdb,ties,0.5,0.2,sst2,1.2732406854629517,0.6181192660550459,0.7218045112781954,0.6181192660550459,0.7752293577981652,0.7973372781065089,-0.1571100917431193
sst2,imdb,sst2+imdb,ties,0.5,0.2,imdb,1.2664408683776855,0.6595,0.7270541082164329,0.6595,0.7725,0.8537216828478964,-0.11299999999999999
sst2,imdb,sst2+imdb,ties,0.75,0.2,sst2,1.1748337745666504,0.6995412844036697,0.7523629489603024,0.6995412844036697,0.7752293577981652,0.9023668639053254,-0.07568807339449546
sst2,imdb,sst2+imdb,ties,0.75,0.2,imdb,1.1383817195892334,0.7395,0.7434761201378631,0.7395,0.7725,0.9572815533980583,-0.03299999999999992
sst2,imdb,sst2+imdb,ties,1.0,0.2,sst2,1.0856764316558838,0.7305045871559633,0.7652347652347652,0.7305045871559633,0.7752293577981652,0.9423076923076923,-0.044724770642201817
sst2,imdb,sst2+imdb,ties,1.0,0.2,imdb,1.0371689796447754,0.7605,0.7537275064267352,0.7605,0.7725,0.9844660194174757,-0.01200000000000001
sst2,imdb,sst2+imdb,ties,0.5,0.5,sst2,1.2234889268875122,0.6605504587155964,0.7318840579710145,0.6605504587155964,0.7752293577981652,0.8520710059171598,-0.11467889908256879
sst2,imdb,sst2+imdb,ties,0.5,0.5,imdb,1.2018249034881592,0.724,0.7200811359026369,0.724,0.7725,0.9372168284789644,-0.04849999999999999
sst2,imdb,sst2+imdb,ties,0.75,0.5,sst2,1.105959177017212,0.7282110091743119,0.7569230769230769,0.7282110091743119,0.7752293577981652,0.9393491124260355,-0.047018348623853234
sst2,imdb,sst2+imdb,ties,0.75,0.5,imdb,1.0880073308944702,0.7465,0.7127478753541077,0.7465,0.7725,0.9663430420711975,-0.025999999999999912
sst2,imdb,sst2+imdb,ties,1.0,0.5,sst2,1.0296489000320435,0.7522935779816514,0.773109243697479,0.7522935779816514,0.7752293577981652,0.970414201183432,-0.022935779816513735
sst2,imdb,sst2+imdb,ties,1.0,0.5,imdb,1.0126442909240723,0.761,0.7379385964912281,0.761,0.7725,0.9851132686084143,-0.011499999999999955
sst2,mrpc,sst2+mrpc,mean,1.0,,sst2,1.2107014656066895,0.7075688073394495,0.7472745292368682,0.7075688073394495,0.7752293577981652,0.9127218934911242,-0.06766055045871566
sst2,mrpc,sst2+mrpc,mean,1.0,,mrpc,1.1485615968704224,0.7083333333333334,0.8226527570789866,0.8226527570789866,0.8349514563106796,0.9852701625480886,-0.012298699231693022
sst2,mrpc,sst2+mrpc,task_arithmetic,0.5,,sst2,1.2107014656066895,0.7075688073394495,0.7472745292368682,0.7075688073394495,0.7752293577981652,0.9127218934911242,-0.06766055045871566
sst2,mrpc,sst2+mrpc,task_arithmetic,0.5,,mrpc,1.1485615968704224,0.7083333333333334,0.8226527570789866,0.8226527570789866,0.8349514563106796,0.9852701625480886,-0.012298699231693022
sst2,mrpc,sst2+mrpc,task_arithmetic,0.75,,sst2,1.0961519479751587,0.7614678899082569,0.7444717444717445,0.7614678899082569,0.7752293577981652,0.9822485207100591,-0.013761467889908285
sst2,mrpc,sst2+mrpc,task_arithmetic,0.75,,mrpc,1.095549464225769,0.75,0.8375796178343949,0.8375796178343949,0.8349514563106796,1.003147681824915,0.0026281615237153666
sst2,mrpc,sst2+mrpc,task_arithmetic,1.0,,sst2,1.0501633882522583,0.7454128440366973,0.7024128686327078,0.7454128440366973,0.7752293577981652,0.9615384615384616,-0.029816513761467878
sst2,mrpc,sst2+mrpc,task_arithmetic,1.0,,mrpc,1.1245038509368896,0.7352941176470589,0.8098591549295775,0.8098591549295775,0.8349514563106796,0.9699475925319359,-0.025092301381102078
sst2,mrpc,sst2+mrpc,ties,0.5,0.1,sst2,1.3423924446105957,0.5149082568807339,0.6763580719204285,0.5149082568807339,0.7752293577981652,0.6642011834319527,-0.2603211009174312
sst2,mrpc,sst2+mrpc,ties,0.5,0.1,mrpc,1.2587255239486694,0.6838235294117647,0.8122270742358079,0.8122270742358079,0.8349514563106796,0.9727835889103281,-0.022724382074871707
sst2,mrpc,sst2+mrpc,ties,0.75,0.1,sst2,1.2908529043197632,0.5607798165137615,0.6943335993615323,0.5607798165137615,0.7752293577981652,0.7233727810650888,-0.21444954128440363
sst2,mrpc,sst2+mrpc,ties,0.75,0.1,mrpc,1.2242943048477173,0.6936274509803921,0.8169838945827232,0.8169838945827232,0.8349514563106796,0.9784807109537267,-0.017967561727956327
sst2,mrpc,sst2+mrpc,ties,1.0,0.1,sst2,1.2297693490982056,0.6376146788990825,0.7247386759581882,0.6376146788990825,0.7752293577981652,0.8224852071005916,-0.13761467889908263
sst2,mrpc,sst2+mrpc,ties,1.0,0.1,mrpc,1.1880954504013062,0.7083333333333334,0.8237037037037037,0.8237037037037037,0.8349514563106796,0.9865288544358313,-0.011247752606975858
sst2,mrpc,sst2+mrpc,ties,0.5,0.2,sst2,1.303654432296753,0.5527522935779816,0.6909667194928685,0.5527522935779816,0.7752293577981652,0.7130177514792899,-0.22247706422018354
sst2,mrpc,sst2+mrpc,ties,0.5,0.2,mrpc,1.2278915643692017,0.6862745098039216,0.8134110787172012,0.8134110787172012,0.8349514563106796,0.9742016407892061,-0.021540377593478377
sst2,mrpc,sst2+mrpc,ties,0.75,0.2,sst2,1.2242833375930786,0.661697247706422,0.7325475974614687,0.661697247706422,0.7752293577981652,0.8535502958579881,-0.11353211009174313
sst2,mrpc,sst2+mrpc,ties,0.75,0.2,mrpc,1.178417682647705,0.7058823529411765,0.8219584569732937,0.8219584569732937,0.8349514563106796,0.9844386170726658,-0.012992999337385847
sst2,mrpc,sst2+mrpc,ties,1.0,0.2,sst2,1.1342830657958984,0.7431192660550459,0.7656903765690377,0.7431192660550459,0.7752293577981652,0.9585798816568047,-0.032110091743119296
sst2,mrpc,sst2+mrpc,ties,1.0,0.2,mrpc,1.1349378824234009,0.7279411764705882,0.8315629742033384,0.8315629742033384,0.8349514563106796,0.9959417016621378,-0.0033884821073412175
sst2,mrpc,sst2+mrpc,ties,0.5,0.5,sst2,1.26768958568573,0.6146788990825688,0.7128205128205128,0.6146788990825688,0.7752293577981652,0.7928994082840236,-0.16055045871559637
sst2,mrpc,sst2+mrpc,ties,0.5,0.5,mrpc,1.2006200551986694,0.6936274509803921,0.8169838945827232,0.8169838945827232,0.8349514563106796,0.9784807109537267,-0.017967561727956327
sst2,mrpc,sst2+mrpc,ties,0.75,0.5,sst2,1.1681660413742065,0.7236238532110092,0.748696558915537,0.7236238532110092,0.7752293577981652,0.9334319526627219,-0.05160550458715596
sst2,mrpc,sst2+mrpc,ties,0.75,0.5,mrpc,1.1464898586273193,0.7107843137254902,0.8233532934131736,0.8233532934131736,0.8349514563106796,0.9861091769948476,-0.011598162897505926
sst2,mrpc,sst2+mrpc,ties,1.0,0.5,sst2,1.0774763822555542,0.7603211009174312,0.7484957882069796,0.7603211009174312,0.7752293577981652,0.9807692307692307,-0.014908256880733939
sst2,mrpc,sst2+mrpc,ties,1.0,0.5,mrpc,1.109523892402649,0.7352941176470589,0.83125,0.83125,0.8349514563106796,0.9955668604651163,-0.0037014563106795295
sst2,rte,sst2+rte,mean,1.0,,sst2,1.2927923202514648,0.5848623853211009,0.7085346215780999,0.5848623853211009,0.7752293577981652,0.7544378698224852,-0.19036697247706424
sst2,rte,sst2+rte,mean,1.0,,rte,1.3445754051208496,0.6209386281588448,0.5679012345679012,0.6209386281588448,0.6064981949458483,1.023809523809524,0.014440433212996484
sst2,rte,sst2+rte,task_arithmetic,0.5,,sst2,1.2927923202514648,0.5848623853211009,0.7085346215780999,0.5848623853211009,0.7752293577981652,0.7544378698224852,-0.19036697247706424
sst2,rte,sst2+rte,task_arithmetic,0.5,,rte,1.3445754051208496,0.6209386281588448,0.5679012345679012,0.6209386281588448,0.6064981949458483,1.023809523809524,0.014440433212996484
sst2,rte,sst2+rte,task_arithmetic,0.75,,sst2,1.2442917823791504,0.6330275229357798,0.7292724196277496,0.6330275229357798,0.7752293577981652,0.8165680473372781,-0.14220183486238536
sst2,rte,sst2+rte,task_arithmetic,0.75,,rte,1.3500620126724243,0.5956678700361011,0.5590551181102362,0.5956678700361011,0.6064981949458483,0.9821428571428572,-0.010830324909747224
sst2,rte,sst2+rte,task_arithmetic,1.0,,sst2,1.2397743463516235,0.6594036697247706,0.7428571428571429,0.6594036697247706,0.7752293577981652,0.8505917159763313,-0.11582568807339455
sst2,rte,sst2+rte,task_arithmetic,1.0,,rte,1.381369948387146,0.5703971119133574,0.5882352941176471,0.5703971119133574,0.6064981949458483,0.9404761904761906,-0.03610108303249093
sst2,rte,sst2+rte,ties,0.5,0.1,sst2,1.3731657266616821,0.5126146788990825,0.6763137852246763,0.5126146788990825,0.7752293577981652,0.6612426035502957,-0.26261467889908263
sst2,rte,sst2+rte,ties,0.5,0.1,rte,1.365883469581604,0.5306859205776173,0.5695364238410596,0.5306859205776173,0.6064981949458483,0.875,-0.07581227436823101
sst2,rte,sst2+rte,ties,0.75,0.1,sst2,1.345924973487854,0.5240825688073395,0.6810146041506533,0.5240825688073395,0.7752293577981652,0.67603550295858,-0.25114678899082565
sst2,rte,sst2+rte,ties,0.75,0.1,rte,1.3578733205795288,0.5848375451263538,0.5848375451263538,0.5848375451263538,0.6064981949458483,0.9642857142857143,-0.02166064981949456
sst2,rte,sst2+rte,ties,1.0,0.1,sst2,1.3164546489715576,0.5538990825688074,0.6939417781274587,0.5538990825688074,0.7752293577981652,0.7144970414201184,-0.22133027522935778
sst2,rte,sst2+rte,ties,1.0,0.1,rte,1.3521283864974976,0.6137184115523465,0.5868725868725869,0.6137184115523465,0.6064981949458483,1.0119047619047619,0.0072202166064981865
sst2,rte,sst2+rte,ties,0.5,0.2,sst2,1.3430585861206055,0.5229357798165137,0.68,0.5229357798165137,0.7752293577981652,0.6745562130177515,-0.2522935779816514
sst2,rte,sst2+rte,ties,0.5,0.2,rte,1.3599088191986084,0.5740072202166066,0.572463768115942,0.5740072202166066,0.6064981949458483,0.9464285714285716,-0.032490974729241784
sst2,rte,sst2+rte,ties,0.75,0.2,sst2,1.2954959869384766,0.5814220183486238,0.7068273092369478,0.5814220183486238,0.7752293577981652,0.75,-0.19380733944954132
sst2,rte,sst2+rte,ties,0.75,0.2,rte,1.3529250621795654,0.5956678700361011,0.5658914728682171,0.5956678700361011,0.6064981949458483,0.9821428571428572,-0.010830324909747224
sst2,rte,sst2+rte,ties,1.0,0.2,sst2,1.2481778860092163,0.6307339449541285,0.7280405405405406,0.6307339449541285,0.7752293577981652,0.8136094674556213,-0.14449541284403666
sst2,rte,sst2+rte,ties,1.0,0.2,rte,1.3530064821243286,0.5812274368231047,0.536,0.5812274368231047,0.6064981949458483,0.9583333333333335,-0.025270758122743597
sst2,rte,sst2+rte,ties,0.5,0.5,sst2,1.2987933158874512,0.569954128440367,0.7016706443914081,0.569954128440367,0.7752293577981652,0.735207100591716,-0.20527522935779818
sst2,rte,sst2+rte,ties,0.5,0.5,rte,1.36366605758667,0.5342960288808665,0.568561872909699,0.5342960288808665,0.6064981949458483,0.880952380952381,-0.07220216606498187
sst2,rte,sst2+rte,ties,0.75,0.5,sst2,1.2229499816894531,0.6456422018348624,0.7347639484978541,0.6456422018348624,0.7752293577981652,0.8328402366863906,-0.12958715596330272
sst2,rte,sst2+rte,ties,0.75,0.5,rte,1.3650259971618652,0.5595667870036101,0.5763888888888888,0.5595667870036101,0.6064981949458483,0.9226190476190476,-0.04693140794223827
sst2,rte,sst2+rte,ties,1.0,0.5,sst2,1.160415530204773,0.6915137614678899,0.7552320291173794,0.6915137614678899,0.7752293577981652,0.8920118343195266,-0.08371559633027525
sst2,rte,sst2+rte,ties,1.0,0.5,rte,1.3818340301513672,0.5306859205776173,0.5547945205479452,0.5306859205776173,0.6064981949458483,0.875,-0.07581227436823101
imdb,mrpc,imdb+mrpc,mean,1.0,,imdb,1.2113739252090454,0.7205,0.6781807714450202,0.7205,0.7725,0.932686084142395,-0.051999999999999935
imdb,mrpc,imdb+mrpc,mean,1.0,,mrpc,1.1531813144683838,0.7009803921568627,0.8195266272189349,0.8195266272189349,0.8349514563106796,0.9815260767854685,-0.015424829091744696
imdb,mrpc,imdb+mrpc,task_arithmetic,0.5,,imdb,1.2113739252090454,0.7205,0.6781807714450202,0.7205,0.7725,0.932686084142395,-0.051999999999999935
imdb,mrpc,imdb+mrpc,task_arithmetic,0.5,,mrpc,1.1531813144683838,0.7009803921568627,0.8195266272189349,0.8195266272189349,0.8349514563106796,0.9815260767854685,-0.015424829091744696
imdb,mrpc,imdb+mrpc,task_arithmetic,0.75,,imdb,1.1656237840652466,0.693,0.5868102288021534,0.693,0.7725,0.8970873786407767,-0.07950000000000002
imdb,mrpc,imdb+mrpc,task_arithmetic,0.75,,mrpc,1.1050945520401,0.7279411764705882,0.8284389489953632,0.8284389489953632,0.8349514563106796,0.9922001365874699,-0.006512507315316385
imdb,mrpc,imdb+mrpc,task_arithmetic,1.0,,imdb,1.1421208381652832,0.693,0.5817438692098093,0.693,0.7725,0.8970873786407767,-0.07950000000000002
imdb,mrpc,imdb+mrpc,task_arithmetic,1.0,,mrpc,1.100087285041809,0.7303921568627451,0.8220064724919094,0.8220064724919094,0.8349514563106796,0.9844961240310078,-0.012944983818770184
imdb,mrpc,imdb+mrpc,ties,0.5,0.1,imdb,1.3790197372436523,0.5095,0.6702521008403362,0.5095,0.7725,0.659546925566343,-0.263
imdb,mrpc,imdb+mrpc,ties,0.5,0.1,mrpc,1.2582744359970093,0.6838235294117647,0.8122270742358079,0.8122270742358079,0.8349514563106796,0.9727835889103281,-0.022724382074871707
imdb,mrpc,imdb+mrpc,ties,0.75,0.1,imdb,1.3070189952850342,0.5825,0.6993158084263594,0.5825,0.7725,0.7540453074433657,-0.18999999999999995
imdb,mrpc,imdb+mrpc,ties,0.75,0.1,mrpc,1.223178505897522,0.6911764705882353,0.8157894736842105,0.8157894736842105,0.8349514563106796,0.9770501835985312,-0.019161982626469065
imdb,mrpc,imdb+mrpc,ties,1.0,0.1,imdb,1.225815773010254,0.6905,0.7447422680412371,0.6905,0.7725,0.8938511326860842,-0.08199999999999996
imdb,mrpc,imdb+mrpc,ties,1.0,0.1,mrpc,1.1874277591705322,0.6985294117647058,0.8183161004431314,0.8183161004431314,0.8349514563106796,0.9800762598330528,-0.016635355867548163
imdb,mrpc,imdb+mrpc,ties,0.5,0.2,imdb,1.313414216041565,0.5845,0.6983666061705989,0.5845,0.7725,0.7566343042071199,-0.18799999999999994
imdb,mrpc,imdb+mrpc,ties,0.5,0.2,mrpc,1.225478172302246,0.6862745098039216,0.8134110787172012,0.8134110787172012,0.8349514563106796,0.9742016407892061,-0.021540377593478377
imdb,mrpc,imdb+mrpc,ties,0.75,0.2,imdb,1.213796854019165,0.7215,0.7473922902494331,0.7215,0.7725,0.933980582524272,-0.050999999999999934
imdb,mrpc,imdb+mrpc,ties,0.75,0.2,mrpc,1.1769284009933472,0.6985294117647058,0.8183161004431314,0.8183161004431314,0.8349514563106796,0.9800762598330528,-0.016635355867548163
imdb,mrpc,imdb+mrpc,ties,1.0,0.2,imdb,1.123571515083313,0.749,0.7357894736842105,0.749,0.7725,0.96957928802589,-0.023499999999999965
imdb,mrpc,imdb+mrpc,ties,1.0,0.2,mrpc,1.1380492448806763,0.7083333333333334,0.8221225710014948,0.8221225710014948,0.8349514563106796,0.9846351722459763,-0.012828885309184801
imdb,mrpc,imdb+mrpc,ties,0.5,0.5,imdb,1.2623502016067505,0.691,0.7277533039647577,0.691,0.7725,0.8944983818770226,-0.08150000000000002
imdb,mrpc,imdb+mrpc,ties,0.5,0.5,mrpc,1.199649691581726,0.6911764705882353,0.8157894736842105,0.8157894736842105,0.8349514563106796,0.9770501835985312,-0.019161982626469065
imdb,mrpc,imdb+mrpc,ties,0.75,0.5,imdb,1.172505497932434,0.7305,0.6949632144878325,0.7305,0.7725,0.9456310679611651,-0.041999999999999926
imdb,mrpc,imdb+mrpc,ties,0.75,0.5,mrpc,1.1497913599014282,0.7058823529411765,0.8219584569732937,0.8219584569732937,0.8349514563106796,0.9844386170726658,-0.012992999337385847
imdb,mrpc,imdb+mrpc,ties,1.0,0.5,imdb,1.1235276460647583,0.7185,0.643445218492717,0.7185,0.7725,0.9300970873786408,-0.05399999999999994
imdb,mrpc,imdb+mrpc,ties,1.0,0.5,mrpc,1.1175882816314697,0.7132352941176471,0.8213740458015267,0.8213740458015267,0.8349514563106796,0.9837386827622937,-0.013577410509152843
imdb,rte,imdb+rte,mean,1.0,,imdb,1.2444524765014648,0.65,0.7309761721752498,0.65,0.7725,0.8414239482200648,-0.12249999999999994
imdb,rte,imdb+rte,mean,1.0,,rte,1.3762098550796509,0.555956678700361,0.616822429906542,0.555956678700361,0.6064981949458483,0.9166666666666667,-0.050541516245487306
imdb,rte,imdb+rte,task_arithmetic,0.5,,imdb,1.2444524765014648,0.65,0.7309761721752498,0.65,0.7725,0.8414239482200648,-0.12249999999999994
imdb,rte,imdb+rte,task_arithmetic,0.5,,rte,1.3762098550796509,0.555956678700361,0.616822429906542,0.555956678700361,0.6064981949458483,0.9166666666666667,-0.050541516245487306
imdb,rte,imdb+rte,task_arithmetic,0.75,,imdb,1.176779866218567,0.6875,0.7520825069416898,0.6875,0.7725,0.8899676375404532,-0.08499999999999996
imdb,rte,imdb+rte,task_arithmetic,0.75,,rte,1.419699788093567,0.5126353790613718,0.6131805157593123,0.5126353790613718,0.6064981949458483,0.8452380952380952,-0.09386281588447654
imdb,rte,imdb+rte,task_arithmetic,1.0,,imdb,1.194723129272461,0.683,0.7529228371005456,0.683,0.7725,0.8841423948220066,-0.08949999999999991
imdb,rte,imdb+rte,task_arithmetic,1.0,,rte,1.4909420013427734,0.5054151624548736,0.6346666666666667,0.5054151624548736,0.6064981949458483,0.8333333333333334,-0.10108303249097472
imdb,rte,imdb+rte,ties,0.5,0.1,imdb,1.402923345565796,0.502,0.6675567423230975,0.502,0.7725,0.6498381877022654,-0.27049999999999996
imdb,rte,imdb+rte,ties,0.5,0.1,rte,1.3732432126998901,0.516245487364621,0.593939393939394,0.516245487364621,0.6064981949458483,0.8511904761904763,-0.09025270758122739
imdb,rte,imdb+rte,ties,0.75,0.1,imdb,1.3618313074111938,0.5135,0.6722802290333446,0.5135,0.7725,0.6647249190938511,-0.259
imdb,rte,imdb+rte,ties,0.75,0.1,rte,1.3721435070037842,0.51985559566787,0.5981873111782477,0.51985559566787,0.6064981949458483,0.8571428571428571,-0.08664259927797835
imdb,rte,imdb+rte,ties,1.0,0.1,imdb,1.3140681982040405,0.557,0.691933240611961,0.557,0.7725,0.7210355987055017,-0.2154999999999999
imdb,rte,imdb+rte,ties,1.0,0.1,rte,1.3773070573806763,0.5306859205776173,0.6060606060606061,0.5306859205776173,0.6064981949458483,0.875,-0.07581227436823101
imdb,rte,imdb+rte,ties,0.5,0.2,imdb,1.3604789972305298,0.517,0.6736486486486486,0.517,0.7725,0.6692556634304208,-0.25549999999999995
imdb,rte,imdb+rte,ties,0.5,0.2,rte,1.374476432800293,0.516245487364621,0.6011904761904762,0.516245487364621,0.6064981949458483,0.8511904761904763,-0.09025270758122739
imdb,rte,imdb+rte,ties,0.75,0.2,imdb,1.293811559677124,0.5775,0.6998223801065719,0.5775,0.7725,0.7475728155339806,-0.19499999999999995
imdb,rte,imdb+rte,ties,0.75,0.2,rte,1.3846163749694824,0.516245487364621,0.6058823529411764,0.516245487364621,0.6064981949458483,0.8511904761904763,-0.09025270758122739
imdb,rte,imdb+rte,ties,1.0,0.2,imdb,1.2325774431228638,0.6355,0.726454033771107,0.6355,0.7725,0.8226537216828479,-0.137
imdb,rte,imdb+rte,ties,1.0,0.2,rte,1.4101030826568604,0.51985559566787,0.623229461756374,0.51985559566787,0.6064981949458483,0.8571428571428571,-0.08664259927797835
imdb,rte,imdb+rte,ties,0.5,0.5,imdb,1.2887072563171387,0.594,0.7045123726346434,0.594,0.7725,0.7689320388349514,-0.1785
imdb,rte,imdb+rte,ties,0.5,0.5,rte,1.3911852836608887,0.49097472924187724,0.6072423398328691,0.49097472924187724,0.6064981949458483,0.8095238095238095,-0.1155234657039711
imdb,rte,imdb+rte,ties,0.75,0.5,imdb,1.1925171613693237,0.6895,0.7518977227327207,0.6895,0.7725,0.8925566343042072,-0.08299999999999996
imdb,rte,imdb+rte,ties,0.75,0.5,rte,1.428499460220337,0.4981949458483754,0.6253369272237197,0.4981949458483754,0.6064981949458483,0.8214285714285714,-0.10830324909747291
imdb,rte,imdb+rte,ties,1.0,0.5,imdb,1.133310317993164,0.7145,0.7679804957334417,0.7145,0.7725,0.9249190938511328,-0.05799999999999994
imdb,rte,imdb+rte,ties,1.0,0.5,rte,1.492200493812561,0.48375451263537905,0.6266318537859008,0.48375451263537905,0.6064981949458483,0.7976190476190477,-0.12274368231046928
mrpc,rte,mrpc+rte,mean,1.0,,mrpc,1.1972285509109497,0.7254901960784313,0.8282208588957055,0.8282208588957055,0.8349514563106796,0.991938935654159,-0.00673059741497406
mrpc,rte,mrpc+rte,mean,1.0,,rte,1.3621000051498413,0.5342960288808665,0.5656565656565656,0.5342960288808665,0.6064981949458483,0.880952380952381,-0.07220216606498187
mrpc,rte,mrpc+rte,task_arithmetic,0.5,,mrpc,1.1972285509109497,0.7254901960784313,0.8282208588957055,0.8282208588957055,0.8349514563106796,0.991938935654159,-0.00673059741497406
mrpc,rte,mrpc+rte,task_arithmetic,0.5,,rte,1.3621000051498413,0.5342960288808665,0.5656565656565656,0.5342960288808665,0.6064981949458483,0.880952380952381,-0.07220216606498187
mrpc,rte,mrpc+rte,task_arithmetic,0.75,,mrpc,1.136267900466919,0.7156862745098039,0.8129032258064516,0.8129032258064516,0.8349514563106796,0.9735933983495874,-0.022048230504227995
mrpc,rte,mrpc+rte,task_arithmetic,0.75,,rte,1.3790369033813477,0.5415162454873647,0.5243445692883895,0.5415162454873647,0.6064981949458483,0.892857142857143,-0.06498194945848368
mrpc,rte,mrpc+rte,task_arithmetic,1.0,,mrpc,1.1062285900115967,0.7156862745098039,0.8053691275167785,0.8053691275167785,0.8349514563106796,0.9645700015607929,-0.029582328793901103
mrpc,rte,mrpc+rte,task_arithmetic,1.0,,rte,1.4184662103652954,0.5342960288808665,0.4691358024691358,0.5342960288808665,0.6064981949458483,0.880952380952381,-0.07220216606498187
mrpc,rte,mrpc+rte,ties,0.5,0.1,mrpc,1.2778679132461548,0.6911764705882353,0.8157894736842105,0.8157894736842105,0.8349514563106796,0.9770501835985312,-0.019161982626469065
mrpc,rte,mrpc+rte,ties,0.5,0.1,rte,1.3711960315704346,0.5054151624548736,0.5958702064896755,0.5054151624548736,0.6064981949458483,0.8333333333333334,-0.10108303249097472
mrpc,rte,mrpc+rte,ties,0.75,0.1,mrpc,1.2475601434707642,0.7009803921568627,0.8189910979228486,0.8189910979228486,0.8349514563106796,0.9808846870471327,-0.015960358387830942
mrpc,rte,mrpc+rte,ties,0.75,0.1,rte,1.366275429725647,0.5126353790613718,0.5896656534954408,0.5126353790613718,0.6064981949458483,0.8452380952380952,-0.09386281588447654
mrpc,rte,mrpc+rte,ties,1.0,0.1,mrpc,1.2119596004486084,0.7107843137254902,0.8233532934131736,0.8233532934131736,0.8349514563106796,0.9861091769948476,-0.011598162897505926
mrpc,rte,mrpc+rte,ties,1.0,0.1,rte,1.3648474216461182,0.516245487364621,0.5838509316770186,0.516245487364621,0.6064981949458483,0.8511904761904763,-0.09025270758122739
mrpc,rte,mrpc+rte,ties,0.5,0.2,mrpc,1.248012661933899,0.696078431372549,0.8165680473372781,0.8165680473372781,0.8349514563106796,0.9779826613458098,-0.018383408973401516
mrpc,rte,mrpc+rte,ties,0.5,0.2,rte,1.36894953250885,0.5018050541516246,0.5792682926829268,0.5018050541516246,0.6064981949458483,0.8273809523809524,-0.10469314079422376
mrpc,rte,mrpc+rte,ties,0.75,0.2,mrpc,1.195950984954834,0.7181372549019608,0.8254931714719271,0.8254931714719271,0.8349514563106796,0.98867205420475,-0.00945828483875244
mrpc,rte,mrpc+rte,ties,0.75,0.2,rte,1.3679404258728027,0.5306859205776173,0.5806451612903226,0.5306859205776173,0.6064981949458483,0.875,-0.07581227436823101
mrpc,rte,mrpc+rte,ties,1.0,0.2,mrpc,1.1473714113235474,0.7401960784313726,0.8348909657320872,0.8348909657320872,0.8349514563106796,0.9999275519814533,-6.049057859236484e-05
mrpc,rte,mrpc+rte,ties,1.0,0.2,rte,1.3775293827056885,0.5523465703971119,0.5694444444444444,0.5523465703971119,0.6064981949458483,0.9107142857142857,-0.054151624548736454
mrpc,rte,mrpc+rte,ties,0.5,0.5,mrpc,1.209842324256897,0.7107843137254902,0.8233532934131736,0.8233532934131736,0.8349514563106796,0.9861091769948476,-0.011598162897505926
mrpc,rte,mrpc+rte,ties,0.5,0.5,rte,1.3729372024536133,0.5090252707581228,0.5802469135802469,0.5090252707581228,0.6064981949458483,0.8392857142857144,-0.09747292418772557
mrpc,rte,mrpc+rte,ties,0.75,0.5,mrpc,1.1448185443878174,0.7377450980392157,0.833592534992224,0.833592534992224,0.8349514563106796,0.9983724546999893,-0.0013589213184556082
mrpc,rte,mrpc+rte,ties,0.75,0.5,rte,1.3817541599273682,0.5451263537906137,0.5563380281690141,0.5451263537906137,0.6064981949458483,0.8988095238095238,-0.06137184115523464
mrpc,rte,mrpc+rte,ties,1.0,0.5,mrpc,1.1001639366149902,0.7205882352941176,0.8131147540983606,0.8131147540983606,0.8349514563106796,0.9738467403736181,-0.021836702212318926
mrpc,rte,mrpc+rte,ties,1.0,0.5,rte,1.4074805974960327,0.5270758122743683,0.48221343873517786,0.5270758122743683,0.6064981949458483,0.8690476190476192,-0.07942238267148005
