phase,seed,pair,task,method,early_factor,primary_metric,score,specialist_score,retained
development,42,sst2+imdb,sst2,mean,1.0,accuracy,0.7477064220183486,0.7752293577981652,0.9644970414201183
development,42,sst2+imdb,imdb,mean,1.0,accuracy,0.749,0.7725,0.96957928802589
development,42,sst2+imdb,sst2,adaptive_mean,0.25,accuracy,0.6811926605504587,0.7752293577981652,0.8786982248520709
development,42,sst2+imdb,imdb,adaptive_mean,0.25,accuracy,0.7275,0.7725,0.9417475728155341
development,42,sst2+imdb,sst2,adaptive_mean,0.5,accuracy,0.7224770642201835,0.7752293577981652,0.9319526627218936
development,42,sst2+imdb,imdb,adaptive_mean,0.5,accuracy,0.733,0.7725,0.9488673139158577
development,42,sst2+imdb,sst2,adaptive_mean,0.75,accuracy,0.7327981651376146,0.7752293577981652,0.945266272189349
development,42,sst2+imdb,imdb,adaptive_mean,0.75,accuracy,0.7425,0.7725,0.9611650485436894
development,42,sst2+imdb,sst2,adaptive_mean,1.0,accuracy,0.7477064220183486,0.7752293577981652,0.9644970414201183
development,42,sst2+imdb,imdb,adaptive_mean,1.0,accuracy,0.749,0.7725,0.96957928802589
development,42,sst2+imdb,sst2,ties,1.0,accuracy,0.7305045871559633,0.7752293577981652,0.9423076923076923
development,42,sst2+imdb,imdb,ties,1.0,accuracy,0.7605,0.7725,0.9844660194174757
development,42,sst2+imdb,sst2,adaptive_ties,0.25,accuracy,0.6674311926605505,0.7752293577981652,0.8609467455621302
development,42,sst2+imdb,imdb,adaptive_ties,0.25,accuracy,0.7195,0.7725,0.9313915857605178
development,42,sst2+imdb,sst2,adaptive_ties,0.5,accuracy,0.6938073394495413,0.7752293577981652,0.8949704142011835
development,42,sst2+imdb,imdb,adaptive_ties,0.5,accuracy,0.7395,0.7725,0.9572815533980583
development,42,sst2+imdb,sst2,adaptive_ties,0.75,accuracy,0.7155963302752294,0.7752293577981652,0.9230769230769231
development,42,sst2+imdb,imdb,adaptive_ties,0.75,accuracy,0.7495,0.7725,0.9702265372168286
development,42,sst2+imdb,sst2,adaptive_ties,1.0,accuracy,0.7305045871559633,0.7752293577981652,0.9423076923076923
development,42,sst2+imdb,imdb,adaptive_ties,1.0,accuracy,0.7605,0.7725,0.9844660194174757
development,42,sst2+mrpc,sst2,mean,1.0,accuracy,0.7075688073394495,0.7752293577981652,0.9127218934911242
development,42,sst2+mrpc,mrpc,mean,1.0,f1,0.8226527570789866,0.8349514563106796,0.9852701625480886
development,42,sst2+mrpc,sst2,adaptive_mean,0.25,accuracy,0.5905963302752294,0.7752293577981652,0.7618343195266273
development,42,sst2+mrpc,mrpc,adaptive_mean,0.25,f1,0.8145985401459854,0.8349514563106796,0.9756238329655408
development,42,sst2+mrpc,sst2,adaptive_mean,0.5,accuracy,0.6295871559633027,0.7752293577981652,0.8121301775147929
development,42,sst2+mrpc,mrpc,adaptive_mean,0.5,f1,0.8169838945827232,0.8349514563106796,0.9784807109537267
development,42,sst2+mrpc,sst2,adaptive_mean,0.75,accuracy,0.6743119266055045,0.7752293577981652,0.8698224852071005
development,42,sst2+mrpc,mrpc,adaptive_mean,0.75,f1,0.8224852071005917,0.8349514563106796,0.9850694922251273
development,42,sst2+mrpc,sst2,adaptive_mean,1.0,accuracy,0.7075688073394495,0.7752293577981652,0.9127218934911242
development,42,sst2+mrpc,mrpc,adaptive_mean,1.0,f1,0.8226527570789866,0.8349514563106796,0.9852701625480886
development,42,sst2+mrpc,sst2,ties,1.0,accuracy,0.7431192660550459,0.7752293577981652,0.9585798816568047
development,42,sst2+mrpc,mrpc,ties,1.0,f1,0.8315629742033384,0.8349514563106796,0.9959417016621378
development,42,sst2+mrpc,sst2,adaptive_ties,0.25,accuracy,0.6307339449541285,0.7752293577981652,0.8136094674556213
development,42,sst2+mrpc,mrpc,adaptive_ties,0.25,f1,0.8200589970501475,0.8349514563106796,0.9821636825135488
development,42,sst2+mrpc,sst2,adaptive_ties,0.5,accuracy,0.6720183486238532,0.7752293577981652,0.8668639053254438
development,42,sst2+mrpc,mrpc,adaptive_ties,0.5,f1,0.8256333830104322,0.8349514563106796,0.9888399819776107
development,42,sst2+mrpc,sst2,adaptive_ties,0.75,accuracy,0.698394495412844,0.7752293577981652,0.900887573964497
development,42,sst2+mrpc,mrpc,adaptive_ties,0.75,f1,0.8258258258258259,0.8349514563106796,0.989070465814652
development,42,sst2+mrpc,sst2,adaptive_ties,1.0,accuracy,0.7431192660550459,0.7752293577981652,0.9585798816568047
development,42,sst2+mrpc,mrpc,adaptive_ties,1.0,f1,0.8315629742033384,0.8349514563106796,0.9959417016621378
development,42,sst2+rte,sst2,mean,1.0,accuracy,0.5848623853211009,0.7752293577981652,0.7544378698224852
development,42,sst2+rte,rte,mean,1.0,accuracy,0.6209386281588448,0.6064981949458483,1.023809523809524
development,42,sst2+rte,sst2,adaptive_mean,0.25,accuracy,0.5286697247706422,0.7752293577981652,0.6819526627218935
development,42,sst2+rte,rte,adaptive_mean,0.25,accuracy,0.6064981949458483,0.6064981949458483,1.0
development,42,sst2+rte,sst2,adaptive_mean,0.5,accuracy,0.5435779816513762,0.7752293577981652,0.7011834319526628
development,42,sst2+rte,rte,adaptive_mean,0.5,accuracy,0.6137184115523465,0.6064981949458483,1.0119047619047619
development,42,sst2+rte,sst2,adaptive_mean,0.75,accuracy,0.5607798165137615,0.7752293577981652,0.7233727810650888
development,42,sst2+rte,rte,adaptive_mean,0.75,accuracy,0.6245487364620939,0.6064981949458483,1.0297619047619049
development,42,sst2+rte,sst2,adaptive_mean,1.0,accuracy,0.5848623853211009,0.7752293577981652,0.7544378698224852
development,42,sst2+rte,rte,adaptive_mean,1.0,accuracy,0.6209386281588448,0.6064981949458483,1.023809523809524
development,42,sst2+rte,sst2,ties,1.0,accuracy,0.6307339449541285,0.7752293577981652,0.8136094674556213
development,42,sst2+rte,rte,ties,1.0,accuracy,0.5812274368231047,0.6064981949458483,0.9583333333333335
development,42,sst2+rte,sst2,adaptive_ties,0.25,accuracy,0.5573394495412844,0.7752293577981652,0.7189349112426036
development,42,sst2+rte,rte,adaptive_ties,0.25,accuracy,0.6137184115523465,0.6064981949458483,1.0119047619047619
development,42,sst2+rte,sst2,adaptive_ties,0.5,accuracy,0.5871559633027523,0.7752293577981652,0.757396449704142
development,42,sst2+rte,rte,adaptive_ties,0.5,accuracy,0.6101083032490975,0.6064981949458483,1.005952380952381
development,42,sst2+rte,sst2,adaptive_ties,0.75,accuracy,0.606651376146789,0.7752293577981652,0.7825443786982248
development,42,sst2+rte,rte,adaptive_ties,0.75,accuracy,0.6028880866425993,0.6064981949458483,0.9940476190476192
development,42,sst2+rte,sst2,adaptive_ties,1.0,accuracy,0.6307339449541285,0.7752293577981652,0.8136094674556213
development,42,sst2+rte,rte,adaptive_ties,1.0,accuracy,0.5812274368231047,0.6064981949458483,0.9583333333333335
development,42,imdb+mrpc,imdb,mean,1.0,accuracy,0.7205,0.7725,0.932686084142395
development,42,imdb+mrpc,mrpc,mean,1.0,f1,0.8195266272189349,0.8349514563106796,0.9815260767854685
development,42,imdb+mrpc,imdb,adaptive_mean,0.25,accuracy,0.6705,0.7725,0.8679611650485437
development,42,imdb+mrpc,mrpc,adaptive_mean,0.25,f1,0.8157894736842105,0.8349514563106796,0.9770501835985312
development,42,imdb+mrpc,imdb,adaptive_mean,0.5,accuracy,0.702,0.7725,0.9087378640776699
development,42,imdb+mrpc,mrpc,adaptive_mean,0.5,f1,0.8164464023494861,0.8349514563106796,0.9778369702557799
development,42,imdb+mrpc,imdb,adaptive_mean,0.75,accuracy,0.716,0.7725,0.9268608414239482
development,42,imdb+mrpc,mrpc,adaptive_mean,0.75,f1,0.8171091445427728,0.8349514563106796,0.9786307196268094
development,42,imdb+mrpc,imdb,adaptive_mean,1.0,accuracy,0.7205,0.7725,0.932686084142395
development,42,imdb+mrpc,mrpc,adaptive_mean,1.0,f1,0.8195266272189349,0.8349514563106796,0.9815260767854685
development,42,imdb+mrpc,imdb,ties,1.0,accuracy,0.749,0.7725,0.96957928802589
development,42,imdb+mrpc,mrpc,ties,1.0,f1,0.8221225710014948,0.8349514563106796,0.9846351722459763
development,42,imdb+mrpc,imdb,adaptive_ties,0.25,accuracy,0.68,0.7725,0.8802588996763755
development,42,imdb+mrpc,mrpc,adaptive_ties,0.25,f1,0.8164464023494861,0.8349514563106796,0.9778369702557799
development,42,imdb+mrpc,imdb,adaptive_ties,0.5,accuracy,0.7215,0.7725,0.933980582524272
development,42,imdb+mrpc,mrpc,adaptive_ties,0.5,f1,0.8195266272189349,0.8349514563106796,0.9815260767854685
development,42,imdb+mrpc,imdb,adaptive_ties,0.75,accuracy,0.7425,0.7725,0.9611650485436894
development,42,imdb+mrpc,mrpc,adaptive_ties,0.75,f1,0.819672131147541,0.8349514563106796,0.9817003431185666
development,42,imdb+mrpc,imdb,adaptive_ties,1.0,accuracy,0.749,0.7725,0.96957928802589
development,42,imdb+mrpc,mrpc,adaptive_ties,1.0,f1,0.8221225710014948,0.8349514563106796,0.9846351722459763
development,42,imdb+rte,imdb,mean,1.0,accuracy,0.65,0.7725,0.8414239482200648
development,42,imdb+rte,rte,mean,1.0,accuracy,0.555956678700361,0.6064981949458483,0.9166666666666667
development,42,imdb+rte,imdb,adaptive_mean,0.25,accuracy,0.581,0.7725,0.7521035598705501
development,42,imdb+rte,rte,adaptive_mean,0.25,accuracy,0.5776173285198556,0.6064981949458483,0.9523809523809524
development,42,imdb+rte,imdb,adaptive_mean,0.5,accuracy,0.611,0.7725,0.7909385113268609
development,42,imdb+rte,rte,adaptive_mean,0.5,accuracy,0.5812274368231047,0.6064981949458483,0.9583333333333335
development,42,imdb+rte,imdb,adaptive_mean,0.75,accuracy,0.6315,0.7725,0.8174757281553398
development,42,imdb+rte,rte,adaptive_mean,0.75,accuracy,0.5703971119133574,0.6064981949458483,0.9404761904761906
development,42,imdb+rte,imdb,adaptive_mean,1.0,accuracy,0.65,0.7725,0.8414239482200648
development,42,imdb+rte,rte,adaptive_mean,1.0,accuracy,0.555956678700361,0.6064981949458483,0.9166666666666667
development,42,imdb+rte,imdb,ties,1.0,accuracy,0.6355,0.7725,0.8226537216828479
development,42,imdb+rte,rte,ties,1.0,accuracy,0.51985559566787,0.6064981949458483,0.8571428571428571
development,42,imdb+rte,imdb,adaptive_ties,0.25,accuracy,0.5835,0.7725,0.7553398058252427
development,42,imdb+rte,rte,adaptive_ties,0.25,accuracy,0.5451263537906137,0.6064981949458483,0.8988095238095238
development,42,imdb+rte,imdb,adaptive_ties,0.5,accuracy,0.6075,0.7725,0.7864077669902914
development,42,imdb+rte,rte,adaptive_ties,0.5,accuracy,0.5306859205776173,0.6064981949458483,0.875
development,42,imdb+rte,imdb,adaptive_ties,0.75,accuracy,0.628,0.7725,0.8129449838187702
development,42,imdb+rte,rte,adaptive_ties,0.75,accuracy,0.5234657039711191,0.6064981949458483,0.8630952380952381
development,42,imdb+rte,imdb,adaptive_ties,1.0,accuracy,0.6355,0.7725,0.8226537216828479
development,42,imdb+rte,rte,adaptive_ties,1.0,accuracy,0.51985559566787,0.6064981949458483,0.8571428571428571
development,42,mrpc+rte,mrpc,mean,1.0,f1,0.8282208588957055,0.8349514563106796,0.991938935654159
development,42,mrpc+rte,rte,mean,1.0,accuracy,0.5342960288808665,0.6064981949458483,0.880952380952381
development,42,mrpc+rte,mrpc,adaptive_mean,0.25,f1,0.8183206106870229,0.8349514563106796,0.9800816616367832
development,42,mrpc+rte,rte,adaptive_mean,0.25,accuracy,0.5342960288808665,0.6064981949458483,0.880952380952381
development,42,mrpc+rte,mrpc,adaptive_mean,0.5,f1,0.8201219512195121,0.8349514563106796,0.9822390811117413
development,42,mrpc+rte,rte,adaptive_mean,0.5,accuracy,0.5270758122743683,0.6064981949458483,0.8690476190476192
development,42,mrpc+rte,mrpc,adaptive_mean,0.75,f1,0.8274809160305343,0.8349514563106796,0.9910527250133144
development,42,mrpc+rte,rte,adaptive_mean,0.75,accuracy,0.5306859205776173,0.6064981949458483,0.875
development,42,mrpc+rte,mrpc,adaptive_mean,1.0,f1,0.8282208588957055,0.8349514563106796,0.991938935654159
development,42,mrpc+rte,rte,adaptive_mean,1.0,accuracy,0.5342960288808665,0.6064981949458483,0.880952380952381
development,42,mrpc+rte,mrpc,ties,1.0,f1,0.8348909657320872,0.8349514563106796,0.9999275519814533
development,42,mrpc+rte,rte,ties,1.0,accuracy,0.5523465703971119,0.6064981949458483,0.9107142857142857
development,42,mrpc+rte,mrpc,adaptive_ties,0.25,f1,0.8280060882800608,0.8349514563106796,0.9916817103819334
development,42,mrpc+rte,rte,adaptive_ties,0.25,accuracy,0.516245487364621,0.6064981949458483,0.8511904761904763
development,42,mrpc+rte,mrpc,adaptive_ties,0.5,f1,0.8318042813455657,0.8349514563106796,0.9962307090534102
development,42,mrpc+rte,rte,adaptive_ties,0.5,accuracy,0.5342960288808665,0.6064981949458483,0.880952380952381
development,42,mrpc+rte,mrpc,adaptive_ties,0.75,f1,0.8276923076923077,0.8349514563106796,0.9913059033989268
development,42,mrpc+rte,rte,adaptive_ties,0.75,accuracy,0.5379061371841155,0.6064981949458483,0.886904761904762
development,42,mrpc+rte,mrpc,adaptive_ties,1.0,f1,0.8348909657320872,0.8349514563106796,0.9999275519814533
development,42,mrpc+rte,rte,adaptive_ties,1.0,accuracy,0.5523465703971119,0.6064981949458483,0.9107142857142857
